Div,Date,Time,HomeTeam,AwayTeam,FTHG,FTAG,FTR,HTHG,HTAG,HTR,Referee,HS,AS,HST,AST,HF,AF,HC,AC,HY,AY,HR,AR,B365H,B365D,B365A,BFDH,BFDD,BFDA,BMGMH,BMGMD,BMGMA,BVH,BVD,BVA,BWH,BWD,BWA,CLH,CLD,CLA,LBH,LBD,LBA,PSH,PSD,PSA,MaxH,MaxD,MaxA,AvgH,AvgD,AvgA,BFEH,BFED,BFEA,B365>2.5,B365<2.5,P>2.5,P<2.5,Max>2.5,Max<2.5,Avg>2.5,Avg<2.5,BFE>2.5,BFE<2.5,AHh,B365AHH,B365AHA,PAHH,PAHA,MaxAHH,MaxAHA,AvgAHH,AvgAHA,BFEAHH,BFEAHA,B365CH,B365CD,B365CA,BFDCH,BFDCD,BFDCA,BMGMCH,BMGMCD,BMGMCA,BVCH,BVCD,BVCA,BWCH,BWCD,BWCA,CLCH,CLCD,CLCA,LBCH,LBCD,LBCA,PSCH,PSCD,PSCA,MaxCH,MaxCD,MaxCA,AvgCH,AvgCD,AvgCA,BFECH,BFECD,BFECA,B365C>2.5,B365C<2.5,PC>2.5,PC<2.5,MaxC>2.5,MaxC<2.5,AvgC>2.5,AvgC<2.5,BFEC>2.5,BFEC<2.5,AHCh,B365CAHH,B365CAHA,PCAHH,PCAHA,MaxCAHH,MaxCAHA,AvgCAHH,AvgCAHA,BFECAHH,BFECAHA
E2,01/08/2025,20:00,Luton,AFC Wimbledon,1,0,H,0,0,D,T Parsons,6,2,1,0,10,11,5,2,1,1,0,0,1.5,4.33,5.5,1.5,4.33,6.5,1.48,4.7,5.6,1.5,4.33,6,1.53,4.33,5.25,1.55,4.33,5.5,1.55,4.33,5.5,1.49,4.49,6.65,1.55,4.7,6.65,1.51,4.38,5.74,1.56,4.7,6.8,1.9,1.95,1.88,1.99,1.9,2.04,1.8,1.95,1.93,2.04,-1,1.9,1.95,1.98,1.91,1.98,1.98,1.85,1.92,1.93,1.99,1.5,3.9,6.25,1.5,4,7,1.56,4.2,5.3,1.5,3.9,7,1.51,4,6.25,1.53,4,6.5,1.53,4,6.5,1.52,4.09,6.96,1.56,4.2,7,1.52,4,6.2,1.54,4.2,8.2,2.1,1.7,2.13,1.76,2.1,1.79,2.02,1.73,2.22,1.79,-1,1.93,1.93,1.93,1.95,1.98,1.93,1.91,1.82,1.94,2.01
E2,02/08/2025,12:30,Cardiff,Peterboro,2,1,H,0,1,A,B Speedie,17,7,6,3,18,10,4,2,3,1,0,0,1.55,4.2,5.25,1.57,4.2,5.5,1.6,4.4,4.7,1.55,4.2,5.5,1.58,4.2,5,1.6,4.33,5,1.6,4.33,5,1.57,4.32,5.5,1.6,4.4,5.5,1.57,4.26,5.1,1.62,4.3,5.7,1.58,2.25,1.61,2.3,1.62,2.3,1.59,2.24,1.65,2.32,-1,1.98,1.88,1.95,1.92,1.98,1.92,1.91,1.83,1.99,1.9,1.67,4.1,4.5,1.67,4,5,1.68,4.2,4.2,1.65,4.1,4.6,1.68,4.1,4.33,1.7,4.2,4.33,1.7,4.2,4.33,1.68,4.08,4.95,1.7,4.2,5,1.67,4.07,4.5,1.74,4.3,5.1,1.57,2.3,1.65,2.31,1.62,2.3,1.59,2.24,1.68,2.42,-0.75,1.85,2,1.87,2.03,1.9,2,1.85,1.88,1.93,2.04
E2,02/08/2025,15:00,Blackpool,Stevenage,2,3,A,1,2,A,M Corlett,8,7,2,4,15,19,2,2,1,4,0,0,1.9,3.5,3.75,1.95,3.4,4,1.89,3.7,3.7,1.95,3.4,3.9,1.95,3.5,3.7,1.95,3.5,3.75,1.95,3.5,3.7,1.87,3.63,4.02,1.97,3.7,4.02,1.92,3.51,3.81,1.94,3.6,4.2,2.08,1.73,2.09,1.76,2.1,1.78,2.02,1.74,2.22,1.78,-0.5,1.95,1.9,1.88,1.96,1.95,1.96,1.89,1.86,1.94,1.98,2.2,3.2,3.3,2.25,3.1,3.5,2.17,3.15,3.4,2.3,3.1,3.25,2.25,3,3.3,2.3,3.1,3.4,2.25,3.1,3.4,2.26,3.27,3.43,2.3,3.2,3.5,2.23,3.1,3.36,2.3,3.2,3.85,2.4,1.53,2.2,1.71,2.5,1.54,2.39,1.53,2.58,1.61,-0.25,1.93,1.93,1.94,1.94,1.94,1.93,1.84,1.87,1.94,2.04
E2,02/08/2025,15:00,Bradford,Wycombe,2,1,H,2,0,H,S Stockbridge,12,11,6,3,23,13,2,6,3,4,0,0,2.45,3.25,2.8,2.5,3.2,2.88,2.48,3.4,2.65,2.5,3.2,2.8,2.4,3.25,2.8,2.45,3.3,2.87,2.45,3.3,2.87,2.5,3.33,2.82,2.5,3.4,2.88,2.46,3.28,2.79,2.6,3.3,2.96,2.15,1.67,2.15,1.72,2.2,1.72,2.12,1.67,2.16,1.73,0,1.8,2.05,1.81,2.05,1.81,2.05,1.76,2,1.84,2.08,2.38,3.2,2.9,2.4,3.2,3,2.5,3.35,2.7,2.5,3.2,2.8,2.45,3.2,2.85,2.45,3.25,2.87,2.45,3.25,2.87,2.63,3.39,2.75,2.5,3.35,3.05,2.44,3.25,2.85,2.54,3.45,3.1,2.25,1.62,2.17,1.74,2.25,1.67,2.15,1.65,2.32,1.75,0,1.73,2.08,1.9,1.99,1.77,2.2,1.72,2.02,1.8,2.22
E2,02/08/2025,15:00,Burton,Mansfield,2,1,H,1,0,H,E Duckworth,12,12,4,3,13,15,1,7,2,2,0,0,2.45,3.4,2.7,2.5,3.4,2.8,2.55,3.55,2.55,2.5,3.4,2.7,2.4,3.4,2.7,2.45,3.5,2.75,2.45,3.4,2.75,2.54,3.43,2.71,2.55,3.55,2.8,2.47,3.44,2.68,2.62,3.55,2.82,1.88,1.98,1.87,1.97,1.91,1.98,1.83,1.91,1.87,1.98,0,1.83,2.03,1.86,1.99,1.86,2.03,1.77,1.97,1.88,2.05,3.3,3.25,2.15,3.5,3.2,2.2,3.3,3.5,2.08,3.13,3.3,2.25,3.2,3.25,2.2,3.25,3.3,2.25,3.25,3.25,2.2,2.66,3.59,2.6,3.5,3.5,2.25,3.31,3.3,2.15,3.6,3.4,2.26,2.25,1.62,1.79,2.08,2.25,1.71,2.12,1.67,2.28,1.75,0.25,2,1.85,1.69,2.26,2,1.85,1.93,1.79,2.04,1.93
E2,02/08/2025,15:00,Doncaster,Exeter,1,0,H,0,0,D,R Joyce,16,2,3,0,11,10,7,1,0,0,0,0,1.85,3.5,4.1,1.9,3.5,4.2,1.79,3.75,4.1,1.87,3.5,4.1,1.87,3.5,3.9,1.91,3.6,4,1.91,3.6,3.9,1.83,3.57,4.29,1.91,3.8,4.29,1.85,3.57,4.05,1.92,3.7,4.5,2,1.85,2.02,1.83,2.02,1.91,1.92,1.83,2.04,1.85,-0.5,1.82,1.92,1.85,2.01,1.86,2.01,1.81,1.93,1.92,2.05,1.75,3.6,4.5,1.73,3.6,5,1.68,3.85,4.5,1.7,3.75,4.75,1.68,3.75,4.75,1.75,3.7,4.6,1.75,3.7,4.6,1.81,3.68,4.6,1.75,3.85,5,1.71,3.71,4.65,1.77,4,5.2,2,1.85,2.02,1.86,2,1.85,1.92,1.82,2,1.94,-0.75,2.03,1.83,2.08,1.83,2.03,1.88,1.92,1.82,1.98,1.97
E2,02/08/2025,15:00,Huddersfield,Leyton Orient,3,0,H,1,0,H,S Mather,13,14,8,3,11,14,6,3,3,0,0,0,1.95,3.8,3.4,2,3.6,3.6,1.92,3.9,3.45,2,3.5,3.7,1.95,3.5,3.6,2,3.6,3.6,1.95,3.6,3.6,1.99,3.82,3.4,2,3.9,3.7,1.96,3.67,3.51,2.02,3.8,3.9,1.93,1.93,1.93,1.9,1.93,1.96,1.84,1.89,2.02,1.94,-0.5,1.94,1.79,2.01,1.85,2.01,1.86,1.93,1.82,2.02,1.94,2.05,3.6,3.25,2.15,3.4,3.4,2.02,3.6,3.3,2.1,3.4,3.4,2.05,3.4,3.4,2.1,3.4,3.5,2.1,3.4,3.4,2.24,3.71,3.09,2.15,3.6,3.5,2.07,3.46,3.36,2.16,3.65,3.75,2.05,1.75,1.89,1.98,2.1,1.81,1.98,1.76,2.12,1.86,-0.25,1.83,2.03,1.96,1.93,1.83,2.03,1.74,1.97,1.86,2.15
E2,02/08/2025,15:00,Lincoln,Reading,2,0,H,1,0,H,M Woods,6,9,2,2,14,4,3,9,1,0,0,0,1.9,3.5,3.8,1.95,3.6,3.75,1.93,3.7,3.55,1.87,3.6,3.9,1.93,3.6,3.6,1.95,3.6,3.7,1.95,3.6,3.7,1.88,3.64,3.97,1.96,3.7,3.97,1.92,3.61,3.7,1.97,3.75,4.3,1.83,2.03,1.85,1.98,1.85,2.03,1.81,1.94,1.89,1.98,-0.5,1.87,1.87,1.9,1.95,1.95,1.95,1.89,1.85,1.97,2,1.95,3.25,3.9,2,3.4,3.75,1.96,3.5,3.6,2,3.25,4,1.98,3.3,3.7,2,3.4,3.8,2,3.4,3.75,2.02,3.45,3.93,2,3.5,4,1.97,3.38,3.76,2.04,3.55,4.2,2.08,1.73,2.07,1.8,2.1,1.78,2.02,1.73,2.16,1.81,-0.5,2,1.85,2.03,1.87,2,1.85,1.94,1.81,2.04,1.95
E2,02/08/2025,15:00,Plymouth,Barnsley,1,3,A,0,2,A,D Bourne,15,12,3,7,9,18,9,5,2,3,0,1,2.2,3.7,2.88,2.25,3.6,3,2.17,3.75,2.9,2.25,3.6,2.9,2.25,3.6,2.85,2.25,3.7,2.87,2.25,3.7,2.87,2.31,3.73,2.82,2.31,3.75,3,2.22,3.66,2.88,2.38,3.85,3,1.62,2.2,1.65,2.26,1.65,2.33,1.6,2.23,1.66,2.3,-0.25,1.94,1.79,2.04,1.82,2.04,1.86,1.9,1.82,2.07,1.9,2.88,3.4,2.3,3,3.3,2.38,2.8,3.45,2.38,2.88,3.4,2.38,2.8,3.4,2.35,2.9,3.5,2.3,2.8,3.5,2.37,2.56,3.63,2.69,3,3.5,2.54,2.84,3.38,2.37,3.05,3.7,2.46,2,1.85,1.66,2.29,2,1.91,1.89,1.84,1.96,1.98,0,2.1,1.7,1.89,1.99,2.1,1.85,2.04,1.72,2.25,1.79
E2,02/08/2025,15:00,Rotherham,Port Vale,2,1,H,2,0,H,J Miles,12,19,4,4,9,8,6,3,1,1,1,1,2.2,3.6,2.9,2.25,3.5,3.1,2.15,3.6,3.1,2.25,3.5,3,2.2,3.5,3,2.25,3.5,3,2.25,3.5,3,2.2,3.69,3.03,2.25,3.69,3.1,2.2,3.53,3.03,2.3,3.75,3.15,1.75,2.05,1.78,2.04,1.86,2.05,1.78,1.96,1.81,2.06,-0.25,1.98,1.88,1.94,1.91,1.98,1.92,1.87,1.88,2.01,1.94,2.7,3.25,2.5,2.8,3.2,2.6,2.88,3.35,2.33,2.75,3.3,2.5,2.75,3.25,2.5,2.8,3.3,2.5,2.75,3.3,2.5,2.75,3.45,2.6,2.88,3.35,2.6,2.78,3.28,2.47,2.86,3.45,2.72,2.15,1.67,1.87,2,2.15,1.73,2.08,1.69,2.22,1.8,0,2.03,1.83,2,1.89,2.03,1.84,1.94,1.81,2.04,1.93
E2,02/08/2025,15:00,Wigan,Northampton,3,1,H,2,0,H,A Chilowicz,20,7,8,4,11,11,9,3,0,2,0,0,2.1,3.1,3.6,2.15,3.1,3.75,2.15,3.35,3.25,2.15,3.13,3.6,2.1,3.2,3.5,2.15,3.25,3.6,2.15,3.2,3.5,2.08,3.24,3.74,2.18,3.35,3.75,2.13,3.19,3.5,2.18,3.25,3.95,2.4,1.53,2.46,1.55,2.46,1.57,2.34,1.54,2.44,1.6,-0.25,1.83,2.03,1.79,2.08,1.88,2.08,1.79,1.95,1.84,2.14,1.85,3.2,4.33,1.95,3.2,4.33,2,3.25,3.75,1.95,3.3,4,1.95,3.2,4,2.05,3.3,3.8,2,3.25,3.8,2.04,3.34,3.99,2.05,3.33,4.33,1.96,3.22,3.97,2,3.45,4.5,2.5,1.5,2.52,1.55,2.63,1.53,2.47,1.5,2.6,1.6,-0.5,1.9,1.95,2.05,1.85,2,1.95,1.93,1.82,1.99,1.98
E2,03/08/2025,12:00,Stockport,Bolton,2,0,H,1,0,H,E Bell,5,15,2,2,13,13,9,7,2,1,0,0,1.91,3.5,3.8,1.95,3.5,4,1.92,3.8,3.55,1.91,3.5,3.9,1.93,3.5,3.7,1.95,3.6,3.8,1.95,3.5,3.75,1.96,3.53,3.79,1.96,3.8,4,1.92,3.57,3.72,1.99,3.65,4,1.95,1.9,1.92,1.9,1.95,1.91,1.87,1.86,1.89,1.92,-0.5,1.95,1.9,1.97,1.87,1.97,1.9,1.9,1.85,2.02,1.9,2.55,3.25,2.6,2.6,3.3,2.75,2.32,3.3,2.95,2.4,3.4,2.8,2.5,3.4,2.6,2.45,3.5,2.8,2.4,3.4,2.75,2.06,3.54,3.67,2.6,3.5,2.95,2.46,3.32,2.75,2.58,3.5,3,1.98,1.88,1.95,1.92,1.98,1.91,1.91,1.82,2.02,1.96,-0.25,2.2,1.65,1.79,2.11,2.2,1.79,2.05,1.7,2.21,1.82
E2,07/08/2025,20:00,Port Vale,Cardiff,0,0,D,0,0,D,T Reeves,16,9,1,1,13,6,5,4,3,1,0,0,2.6,3.4,2.6,2.75,3.3,2.63,2.75,3.35,2.43,2.63,3.3,2.6,2.65,3.3,2.5,2.7,3.4,2.5,2.7,3.4,2.5,2.84,3.5,2.5,2.75,3.4,2.63,2.66,3.33,2.53,2.8,3.5,2.68,2,1.85,1.99,1.88,2,1.85,1.94,1.79,2.02,1.93,0,1.93,1.93,2.08,1.83,1.95,1.93,1.9,1.85,2,1.92,2.8,3.3,2.5,2.88,3.25,2.5,2.9,3.2,2.4,2.7,3.25,2.6,2.75,3.2,2.55,2.75,3.25,2.6,2.75,3.2,2.5,3.1,3.41,2.36,2.9,3.3,2.6,2.81,3.21,2.49,2.86,3.45,2.7,2.1,1.7,2.13,1.76,2.15,1.73,2.09,1.68,2.2,1.79,0,2.05,1.8,2.24,1.7,2.05,1.83,1.97,1.78,2.04,1.93
E2,09/08/2025,12:30,Peterboro,Luton,0,2,A,0,0,D,S Oldham,6,8,2,3,15,12,3,6,2,2,0,0,4,3.7,1.85,3.75,3.75,1.9,3.8,3.95,1.8,3.7,3.75,1.9,3.7,3.7,1.88,3.75,3.75,1.91,3.7,3.75,1.91,3.87,3.8,1.86,4,3.95,1.91,3.75,3.77,1.86,4.1,4,1.97,1.65,2.2,1.65,2.23,1.67,2.2,1.63,2.18,1.72,2.24,0.5,1.98,1.88,1.96,1.87,1.98,1.9,1.91,1.83,2.02,1.97,5,3.9,1.62,5,4,1.67,4.5,4.1,1.65,4.33,4,1.7,4.5,4,1.66,4.2,3.9,1.8,4.33,4,1.73,4.03,3.86,1.87,5,4.1,1.8,4.54,3.99,1.67,4.9,4.2,1.74,1.65,2.2,1.69,2.23,1.65,2.25,1.62,2.19,1.74,2.32,0.75,2.03,1.83,1.77,2.13,2.03,1.83,1.88,1.79,2.04,1.93
E2,09/08/2025,12:30,Reading,Huddersfield,0,2,A,0,0,D,M Corlett,8,12,2,6,15,12,4,10,4,2,0,0,3,3.5,2.25,3.1,3.4,2.3,2.85,3.6,2.28,3,3.4,2.3,2.9,3.4,2.25,3,3.5,2.3,2.9,3.5,2.3,3.06,3.44,2.28,3.1,3.6,2.3,2.95,3.45,2.27,3.1,3.55,2.32,1.93,1.93,1.9,1.92,1.93,1.93,1.86,1.87,1.9,1.94,0.25,1.88,1.98,1.85,1.98,1.88,1.98,1.78,1.89,1.87,2.01,3.1,3.6,2.15,3.3,3.5,2.15,3.2,3.6,2.06,3.13,3.5,2.2,3.2,3.5,2.1,3.25,3.5,2.15,3.2,3.5,2.15,3.41,3.59,2.14,3.3,3.6,2.2,3.16,3.53,2.13,3.35,3.75,2.24,1.85,2,1.89,1.98,1.91,2,1.82,1.91,1.91,2.04,0.25,1.93,1.93,2.03,1.86,1.93,1.93,1.89,1.78,2.05,1.94
E2,09/08/2025,15:00,AFC Wimbledon,Lincoln,2,0,H,1,0,H,M Russell,15,2,3,0,11,15,6,3,0,0,0,1,3,3.25,2.38,3.1,3.2,2.4,2.95,3.25,2.35,3,3.1,2.3,3,3.2,2.3,3.1,3.3,2.37,3,3.25,2.3,3.17,3.11,2.4,3.1,3.3,2.4,2.99,3.19,2.35,3.25,3.3,2.38,2.35,1.57,2.38,1.58,2.35,1.62,2.27,1.57,2.32,1.61,0.25,1.8,2.05,1.81,2.04,1.8,2.05,1.73,1.94,1.87,2.05,3.1,2.9,2.55,3.2,2.88,2.5,3.05,3.05,2.4,3.1,2.88,2.55,3.1,2.85,2.5,3.1,2.9,2.5,3.25,2.9,2.4,3.34,2.99,2.47,3.25,3.05,2.55,3.1,2.91,2.47,3.15,3.05,2.74,3.1,1.33,2.88,1.43,3.1,1.43,2.86,1.38,3.05,1.47,0.25,1.7,2.1,1.82,2.09,1.73,2.1,1.7,1.98,1.75,2.29
E2,09/08/2025,15:00,Barnsley,Burton,3,2,H,0,2,A,D Rock,12,7,7,3,16,14,7,4,3,1,0,0,1.7,3.8,4.75,1.73,3.75,4.6,1.63,4.2,4.7,1.67,3.6,4.6,1.71,3.75,4.5,1.73,3.8,4.6,1.73,3.8,4.6,1.7,3.77,4.8,1.73,4.2,4.75,1.68,3.83,4.6,1.76,3.95,4.7,1.85,2,1.89,1.93,1.91,2.04,1.81,1.93,1.85,1.97,-0.75,1.93,1.93,1.93,1.9,1.93,1.94,1.82,1.86,1.97,1.94,1.62,4.1,4.75,1.67,4,5,1.62,4.1,4.75,1.65,4,4.8,1.65,4,4.6,1.73,3.8,4.8,1.67,4,4.8,1.71,3.9,4.93,1.73,4.1,5,1.64,4,4.78,1.68,4.4,5.5,1.62,2.2,1.88,1.99,1.76,2.2,1.68,2.11,1.71,2.34,-0.75,1.8,2.05,1.93,1.95,1.82,2.05,1.76,1.92,1.86,2.13
E2,09/08/2025,15:00,Bolton,Plymouth,2,0,H,1,0,H,R Joyce,13,3,2,0,16,9,8,3,2,4,0,0,1.67,3.9,4.75,1.7,3.75,5,1.63,4.2,4.6,1.65,3.75,4.5,1.68,3.9,4.5,1.7,4,4.6,1.7,3.9,4.5,1.65,3.98,4.91,1.7,4.2,5,1.66,3.92,4.61,1.75,4.1,4.8,1.73,2.08,1.74,2.1,1.8,2.12,1.71,2.05,1.73,2.12,-0.75,1.88,1.98,1.85,1.99,1.88,1.98,1.8,1.87,1.93,2,1.62,4,5,1.67,4,5,1.66,4,4.6,1.7,3.9,4.5,1.66,4,4.5,1.75,3.9,4.33,1.73,3.9,4.33,1.73,3.98,4.71,1.75,4.1,5,1.67,3.93,4.65,1.73,4.1,5.4,1.67,2.1,1.78,2.1,1.73,2.15,1.68,2.09,1.75,2.26,-0.75,1.8,2.05,1.95,1.93,1.86,2.05,1.79,1.88,1.92,2.06
E2,09/08/2025,15:00,Exeter,Blackpool,4,1,H,2,1,H,C Brook,17,10,7,3,16,8,6,5,1,1,0,0,3.4,3.3,2.15,3.4,3.3,2.2,3.05,3.5,2.2,3.25,3.3,2.05,3.2,3.4,2.15,3.25,3.4,2.15,3.25,3.4,2.15,3.31,3.5,2.13,3.4,3.5,2.2,3.21,3.38,2.14,3.4,3.5,2.24,2,1.85,1.99,1.83,2,1.85,1.94,1.8,1.97,1.84,0.25,2,1.85,1.98,1.85,2,1.87,1.87,1.8,1.98,1.93,3.9,3.3,1.95,3.75,3.4,2,3.35,3.4,2.08,3.6,3.4,2.05,3.7,3.4,1.98,3.4,3.4,2.15,3.5,3.4,2.1,3.52,3.46,2.15,3.9,3.5,2.15,3.57,3.39,2.02,4,3.55,2.12,2.05,1.72,2.09,1.79,2.1,1.82,1.99,1.75,2.14,1.85,0.5,1.88,1.98,1.76,2.15,1.88,2.05,1.76,1.97,1.88,2.12
E2,09/08/2025,15:00,Leyton Orient,Wigan,2,0,H,1,0,H,N Hair,14,4,5,0,15,8,2,3,0,1,0,1,2.05,3.4,3.6,2.05,3.25,3.75,2.02,3.3,3.65,2,3.13,3.6,2,3.3,3.6,2.05,3.3,3.7,2.05,3.3,3.7,2.11,3.38,3.49,2.12,3.4,3.75,2.03,3.27,3.62,2.16,3.5,3.75,2.3,1.6,2.37,1.58,2.3,1.62,2.25,1.59,2.24,1.66,-0.5,2.05,1.8,2.11,1.74,2.05,1.83,1.99,1.75,2.16,1.81,2.25,3.4,3.1,2.25,3.2,3.4,2.23,3.3,3.15,2.25,3.13,3.3,2.25,3.2,3.2,2.3,3.2,3.2,2.25,3.2,3.2,2.29,3.25,3.39,2.3,3.4,3.4,2.24,3.21,3.22,2.26,3.4,3.6,2.3,1.57,2.41,1.6,2.3,1.62,2.26,1.58,2.4,1.7,-0.25,2,1.85,1.96,1.93,2,1.85,1.84,1.83,1.93,2.03
E2,09/08/2025,15:00,Mansfield,Doncaster,1,2,A,0,0,D,A Humphries,7,13,3,2,14,10,2,5,2,1,0,0,2.45,3.4,2.75,2.5,3.3,2.88,2.43,3.45,2.7,2.4,3.25,2.7,2.4,3.4,2.7,2.45,3.4,2.75,2.45,3.4,2.75,2.52,3.24,2.87,2.5,3.45,2.88,2.43,3.35,2.73,2.5,3.4,2.84,1.98,1.88,1.98,1.84,1.98,1.91,1.92,1.82,1.95,1.86,0,1.8,2.05,1.79,2.06,1.8,2.05,1.76,1.99,1.78,2.05,2.4,3.5,2.8,2.5,3.3,2.88,2.4,3.5,2.7,2.4,3.4,2.8,2.4,3.4,2.75,2.45,3.4,2.8,2.45,3.4,2.75,2.51,3.46,2.85,2.5,3.5,2.88,2.42,3.4,2.76,2.48,3.6,3,1.9,1.95,1.88,1.99,1.91,1.95,1.86,1.88,1.93,2.02,0,1.78,2.1,1.83,2.08,1.83,2.1,1.76,2,1.8,2.2
E2,09/08/2025,15:00,Northampton,Bradford,0,0,D,0,0,D,S Mather,4,14,1,2,10,14,6,3,2,5,0,0,3,3.2,2.35,3,3.2,2.4,2.8,3.35,2.43,2.88,3.13,2.38,2.75,3.3,2.45,2.8,3.3,2.5,2.8,3.3,2.45,2.91,3.15,2.54,3.1,3.35,2.5,2.87,3.22,2.41,3.1,3.15,2.48,2.1,1.7,2.13,1.72,2.1,1.73,2.08,1.69,2.12,1.73,0.25,1.8,2.05,1.71,2.16,1.8,2.07,1.71,1.97,1.81,2.12,3.3,3.2,2.2,3.4,3.2,2.25,3.05,3.35,2.25,3.25,3.25,2.25,3.25,3.25,2.15,3.3,3.3,2.2,3.3,3.3,2.15,3.52,3.28,2.22,3.4,3.35,2.25,3.22,3.24,2.21,3.55,3.5,2.28,2.15,1.63,2.16,1.74,2.15,1.73,2.1,1.67,2.22,1.8,0.25,1.93,1.93,1.98,1.91,1.93,1.93,1.82,1.84,2.02,1.96
E2,09/08/2025,15:00,Stevenage,Rotherham,1,0,H,1,0,H,J Durkin,12,5,2,0,10,16,5,5,3,2,0,0,1.8,3.5,4.5,1.8,3.4,5,1.7,3.7,4.7,1.75,3.3,4.5,1.8,3.4,4.4,1.8,3.5,4.5,1.8,3.5,4.5,1.78,3.59,4.61,1.8,3.7,5,1.76,3.48,4.56,1.91,3.65,4.8,2.2,1.65,2.21,1.67,2.2,1.7,2.14,1.65,2.2,1.68,-0.5,1.8,2.05,1.78,2.07,1.83,2.1,1.74,2.02,1.91,2.07,1.85,3.4,4.33,1.9,3.4,4.33,1.76,3.55,4.6,1.83,3.4,4.4,1.88,3.3,4.2,1.91,3.4,4.2,1.91,3.4,4.2,1.88,3.42,4.57,1.91,3.55,4.6,1.84,3.4,4.33,1.94,3.6,4.6,2.25,1.58,2.35,1.63,2.25,1.67,2.2,1.61,2.32,1.72,-0.5,1.88,1.98,1.89,1.99,1.9,2.02,1.8,1.94,1.94,2.05
E2,09/08/2025,15:00,Wycombe,Stockport,1,2,A,0,1,A,O Yates,14,9,6,3,8,11,8,4,3,1,0,0,2.5,3.25,2.8,2.6,3.2,2.8,2.48,3.35,2.7,2.45,3.1,2.75,2.5,3.25,2.75,2.5,3.3,2.8,2.5,3.25,2.75,2.54,3.25,2.83,2.6,3.35,2.8,2.49,3.22,2.75,2.6,3.15,2.82,2.15,1.67,2.22,1.67,2.2,1.67,2.15,1.64,2.2,1.71,0,1.83,2.03,1.82,2.03,1.83,2.03,1.78,1.97,1.84,2,2.35,3.25,3,2.4,3.2,3.1,2.48,3.35,2.7,2.45,3.2,2.9,2.37,3.25,2.9,2.4,3.3,2.9,2.5,3.3,2.8,2.58,3.3,2.88,2.5,3.35,3.1,2.43,3.24,2.86,2.5,3.45,3.1,2.2,1.62,2.26,1.68,2.2,1.67,2.17,1.63,2.28,1.73,-0.25,2.05,1.8,2.21,1.72,2.1,1.8,2.01,1.69,2.14,1.83
E2,16/08/2025,12:30,Burton,Port Vale,0,0,D,0,0,D,S Oldham,13,12,3,0,14,10,9,3,4,1,0,1,3,3.3,2.25,3.1,3.25,2.38,3.2,3.25,2.23,3.1,3.3,2.3,2.87,3.4,2.3,2.9,3.4,2.37,2.9,3.4,2.37,3.08,3.29,2.34,3.2,3.4,2.38,3.04,3.28,2.29,3.35,3.4,2.4,2.08,1.73,2.11,1.74,2.1,1.75,2.04,1.71,2.12,1.76,0.25,1.83,2.03,1.83,2.03,1.83,2.03,1.79,1.88,1.93,2.05,3.4,3.3,2.1,3.5,3.2,2.2,3.2,3.25,2.23,3.2,3.3,2.25,3.3,3.2,2.15,3.25,3.25,2.25,3.2,3.25,2.25,3.22,3.33,2.34,3.5,3.4,2.26,3.28,3.25,2.19,3.55,3.5,2.28,2.2,1.65,2.18,1.72,2.2,1.7,2.13,1.65,2.3,1.75,0.25,2.03,1.83,1.88,2.01,2.03,1.92,1.87,1.8,2.03,1.93
E2,16/08/2025,12:30,Exeter,Mansfield,1,2,A,0,1,A,O Yates,5,7,4,3,11,9,3,4,2,1,0,0,2.63,3.25,2.63,2.63,3.25,2.75,2.7,3.25,2.55,2.7,3.25,2.6,2.65,3.4,2.5,2.7,3.4,2.5,2.7,3.4,2.5,2.64,3.39,2.62,2.7,3.5,2.75,2.64,3.3,2.57,2.68,3.4,2.82,2.05,1.75,2.05,1.78,2.1,1.8,2,1.74,2.08,1.8,0,1.95,1.9,1.93,1.92,1.95,1.9,1.89,1.85,1.92,2.02,2.7,3.25,2.55,2.88,3.25,2.5,2.8,3.25,2.45,2.8,3.3,2.5,2.75,3.25,2.5,2.8,3.3,2.5,2.75,3.3,2.5,2.7,3.44,2.65,2.88,3.35,2.55,2.76,3.26,2.49,2.9,3.55,2.62,2.05,1.75,2.08,1.79,2.1,1.8,2.01,1.74,2.12,1.86,0,2,1.85,1.96,1.93,2,1.85,1.94,1.8,2.1,1.89
E2,16/08/2025,15:00,Barnsley,Bolton,1,1,D,0,0,D,L Doughty,5,17,2,7,14,15,3,2,2,2,1,0,2.7,3.4,2.45,2.8,3.5,2.4,2.65,3.6,2.43,2.7,3.6,2.4,2.65,3.6,2.37,2.7,3.7,2.4,2.7,3.6,2.4,2.76,3.58,2.42,2.8,3.7,2.45,2.69,3.54,2.39,2.9,3.65,2.5,1.67,2.15,1.67,2.23,1.67,2.25,1.64,2.16,1.67,2.24,0,2.05,1.8,2.07,1.8,2.05,1.83,1.98,1.77,2.1,1.81,2.88,3.4,2.3,2.88,3.5,2.38,2.75,3.6,2.32,2.8,3.6,2.3,2.85,3.6,2.25,2.87,3.7,2.3,2.87,3.6,2.25,3.06,3.69,2.27,2.95,3.7,2.38,2.83,3.55,2.3,2.9,3.85,2.44,1.67,2.15,1.68,2.27,1.67,2.25,1.64,2.15,1.71,2.38,0.25,1.83,2.03,1.9,1.98,1.83,2.03,1.74,1.93,1.84,2.12
E2,16/08/2025,15:00,Blackpool,Huddersfield,3,2,H,3,2,H,B Bell,8,17,4,3,10,17,1,7,0,2,1,0,2.7,3.3,2.45,2.75,3.25,2.5,2.7,3.3,2.55,2.7,3.3,2.55,2.6,3.4,2.5,2.62,3.4,2.6,2.62,3.4,2.5,2.81,3.37,2.49,2.75,3.4,2.6,2.68,3.3,2.52,3,3.4,2.5,2,1.85,2,1.84,2,1.85,1.93,1.8,1.98,1.85,0,2.03,1.83,2.05,1.81,2.03,1.85,1.94,1.81,2.14,1.79,2.8,3.25,2.45,3,3.2,2.4,2.95,3.25,2.38,2.9,3.3,2.4,2.95,3.25,2.3,3,3.3,2.37,3,3.3,2.37,3.16,3.39,2.34,3,3.4,2.5,2.89,3.26,2.39,2.98,3.65,2.5,2.05,1.8,2.07,1.81,2.05,1.8,1.98,1.76,2.04,1.94,0.25,1.7,2.1,1.87,2.02,1.78,2.1,1.71,1.97,1.82,2.15
E2,16/08/2025,15:00,Bradford,Luton,2,1,H,1,0,H,E Duckworth,13,9,7,3,12,15,2,9,2,2,0,0,3.3,3.3,2.15,3.5,3.3,2.15,3.35,3.45,2.1,3.4,3.3,2.15,3.3,3.3,2.1,3.4,3.4,2.15,3.3,3.4,2.15,3.47,3.29,2.15,3.5,3.5,2.15,3.34,3.34,2.12,3.5,3.25,2.3,2.1,1.7,2.13,1.73,2.1,1.73,2.06,1.7,2.24,1.74,0.25,2,1.85,1.99,1.86,2,1.85,1.92,1.76,1.99,1.96,3.2,3.3,2.2,3.4,3.2,2.25,3.35,3.45,2.1,3.25,3.25,2.2,3.1,3.25,2.2,3.2,3.3,2.25,3.2,3.3,2.25,3.46,3.26,2.26,3.4,3.45,2.25,3.27,3.28,2.18,3.45,3.55,2.3,2.15,1.67,2.19,1.72,2.15,1.73,2.1,1.67,2.24,1.76,0.25,1.93,1.93,1.95,1.93,1.93,1.93,1.88,1.8,2.01,1.97
E2,16/08/2025,15:00,Cardiff,Rotherham,3,0,H,1,0,H,T Parsons,13,1,6,1,16,15,7,0,2,3,0,0,1.7,3.75,4.75,1.7,3.75,5,1.65,3.9,4.8,1.7,3.75,4.8,1.72,3.7,4.5,1.75,3.75,4.6,1.73,3.7,4.6,1.67,3.94,4.79,1.75,3.9,5,1.69,3.76,4.71,1.7,3.95,5.3,1.93,1.93,1.92,1.92,1.93,1.93,1.87,1.86,2.06,1.92,-0.75,1.93,1.93,1.88,1.97,1.93,1.93,1.84,1.83,1.9,2.02,1.5,4.2,5.75,1.5,4.2,6.5,1.49,4.35,6,1.5,4.2,6,1.53,4.1,5.75,1.55,4.2,5.75,1.53,4.2,5.75,1.57,4.33,5.73,1.55,4.35,6.5,1.51,4.2,5.93,1.54,4.7,7,1.73,2.08,1.82,2.05,1.82,2.08,1.75,1.99,1.8,2.2,-1,1.85,2,1.99,1.9,1.91,2,1.82,1.88,1.92,2.02
E2,16/08/2025,15:00,Doncaster,Wycombe,1,1,D,0,0,D,M Coy,10,8,1,3,13,14,6,3,3,2,0,0,2.38,3.3,2.88,2.5,3.25,2.88,2.4,3.4,2.8,2.45,3.3,2.88,2.45,3.4,2.75,2.45,3.4,2.8,2.45,3.4,2.75,2.5,3.24,2.89,2.5,3.4,2.9,2.43,3.3,2.82,2.48,3.3,3.1,2.05,1.75,2.06,1.77,2.1,1.77,2.02,1.73,2.04,1.8,-0.25,2.1,1.78,2.14,1.72,2.1,1.78,2,1.69,2.13,1.85,2.35,3.3,2.9,2.4,3.25,3,2.2,3.4,3.05,2.38,3.25,3,2.25,3.3,3,2.3,3.4,3,2.3,3.4,3,2.22,3.37,3.43,2.4,3.4,3.1,2.3,3.28,3.01,2.4,3.6,3.2,2.08,1.73,2.08,1.79,2.1,1.75,2.03,1.72,2.14,1.86,-0.25,2.05,1.8,1.91,1.97,2.05,1.8,1.9,1.78,2.08,1.9
E2,16/08/2025,15:00,Leyton Orient,Stockport,2,2,D,0,2,A,R Ricardo,13,8,2,4,9,11,6,4,2,2,0,0,2.8,3.25,2.45,3,3.2,2.4,2.85,3.35,2.38,3,3.13,2.45,2.87,3.2,2.4,2.9,3.25,2.45,2.9,3.2,2.45,2.97,3.17,2.48,3,3.35,2.45,2.91,3.21,2.41,3,3.3,2.58,2.25,1.62,2.3,1.62,2.25,1.62,2.22,1.6,2.26,1.67,0.25,1.78,2.1,1.74,2.12,1.78,2.1,1.72,1.98,1.8,2.19,2.6,3.2,2.7,2.63,3.2,2.75,2.6,3.35,2.6,2.7,3.25,2.6,2.65,3.2,2.6,2.7,3.2,2.7,2.7,3.2,2.62,2.98,3.21,2.55,2.7,3.35,2.75,2.63,3.23,2.64,2.72,3.4,2.92,2.25,1.62,2.31,1.65,2.25,1.62,2.22,1.6,2.3,1.72,0,1.88,1.98,2.11,1.8,1.93,1.98,1.86,1.89,1.92,2.06
E2,16/08/2025,15:00,Lincoln,Plymouth,3,2,H,1,0,H,C Brook,14,15,8,4,15,11,4,6,6,3,0,1,2,3.25,3.75,2,3.4,3.75,1.98,3.4,3.7,2,3.4,3.7,2,3.3,3.6,2.05,3.4,3.7,2,3.4,3.7,2.02,3.32,3.85,2.05,3.4,3.75,2,3.35,3.68,2.16,3.35,3.8,2.05,1.75,2.07,1.77,2.1,1.75,2.05,1.71,2.04,1.81,-0.5,2.03,1.83,2.04,1.83,2.03,1.83,1.96,1.77,2.16,1.83,1.91,3.3,4,1.95,3.4,4,1.98,3.4,3.7,2,3.4,3.75,1.95,3.3,3.8,2,3.4,3.9,1.95,3.4,3.8,2.14,3.24,3.78,2.02,3.5,4,1.96,3.36,3.81,2,3.6,4.3,2,1.85,2.22,1.7,2.11,1.85,2.08,1.7,2.08,1.87,-0.5,1.95,1.9,2.14,1.76,2,1.9,1.93,1.8,2,1.97
E2,16/08/2025,15:00,Reading,AFC Wimbledon,1,2,A,0,1,A,J O'Connor,14,8,3,2,6,6,3,5,1,1,0,0,2.05,3.3,3.5,2.1,3.25,3.75,2.04,3.35,3.6,2.1,3.25,3.6,2.05,3.25,3.6,2.1,3.3,3.6,2.05,3.3,3.6,2.09,3.33,3.59,2.1,3.35,3.75,2.06,3.27,3.58,2.14,3.35,3.9,2.25,1.62,2.34,1.6,2.28,1.62,2.25,1.59,2.4,1.64,-0.25,1.8,2.05,1.81,2.05,1.8,2.05,1.71,1.98,1.85,2.13,2.38,3.2,2.9,2.4,3.2,3.1,2.3,3.3,3,2.4,3.13,3,2.35,3.1,3.1,2.37,3.2,3.1,2.37,3.2,3.1,2.29,3.34,3.3,2.45,3.3,3.1,2.36,3.19,3.01,2.56,3.35,3.15,2.35,1.57,2.4,1.61,2.38,1.57,2.3,1.56,2.46,1.68,-0.25,2.08,1.73,1.97,1.92,2.08,1.76,1.93,1.74,2.18,1.83
E2,16/08/2025,15:00,Stevenage,Northampton,2,0,H,0,0,D,T Reeves,9,10,3,0,13,16,2,6,2,0,0,0,1.67,3.4,5.5,1.67,3.6,5.5,1.68,3.6,5.1,1.67,3.6,5.25,1.71,3.5,5,1.73,3.5,5.25,1.73,3.5,5,1.66,3.61,5.48,1.73,3.6,5.5,1.69,3.53,5.16,1.73,3.6,5.9,2.25,1.62,2.25,1.65,2.25,1.67,2.2,1.61,2.3,1.67,-0.75,1.93,1.93,1.89,1.96,1.93,1.93,1.86,1.81,1.91,1.95,1.62,3.4,6.25,1.67,3.5,6,1.65,3.6,5.4,1.65,3.5,5.75,1.66,3.5,5.25,1.7,3.6,5.5,1.67,3.5,5.5,1.7,3.53,5.8,1.7,3.6,6.25,1.66,3.5,5.55,1.74,3.7,6.4,2.4,1.53,2.53,1.55,2.4,1.57,2.34,1.54,2.48,1.65,-0.75,1.88,1.98,1.95,1.93,1.91,1.98,1.83,1.84,1.96,1.98
E2,16/08/2025,15:00,Wigan,Peterboro,2,0,H,2,0,H,S Parkinson,10,15,4,2,12,18,3,10,1,2,0,0,1.95,3.5,3.6,2,3.4,3.75,1.87,3.6,3.85,1.95,3.5,3.75,2,3.4,3.5,2.05,3.5,3.6,2,3.4,3.6,1.97,3.47,3.81,2.05,3.6,3.85,1.95,3.48,3.68,2,3.55,4.3,2,1.85,1.99,1.85,2,1.91,1.93,1.81,1.99,1.85,-0.5,1.98,1.88,1.99,1.86,2,1.88,1.91,1.82,2,1.96,1.83,3.6,4,1.83,3.6,4.33,1.87,3.6,3.85,1.87,3.6,3.9,1.87,3.5,3.9,1.91,3.6,4,1.91,3.5,4,2.05,3.48,3.78,1.91,3.7,4.33,1.86,3.57,3.98,1.85,3.9,4.6,1.98,1.88,2.02,1.85,1.98,1.91,1.92,1.82,2,1.98,-0.5,1.83,2.03,2.06,1.84,1.88,2.03,1.83,1.9,1.84,2.16
E2,19/08/2025,19:45,AFC Wimbledon,Cardiff,0,1,A,0,0,D,D Rock,16,16,2,1,10,11,5,2,2,2,0,0,3.3,3.4,2.1,3.5,3.3,2.15,3.35,3.3,2.12,3.5,3.2,2.15,3.3,3.25,2.15,3.4,3.3,2.2,3.4,3.25,2.15,3.45,3.49,2.16,3.5,3.4,2.2,3.36,3.28,2.14,3.7,3.5,2.2,2.2,1.65,2.34,1.63,2.33,1.65,2.25,1.59,2.34,1.69,0.25,1.98,1.88,2.02,1.87,1.98,1.88,1.9,1.77,2.07,1.88,3.3,3.4,2.05,3.5,3,2.15,3.6,3.35,2.02,3.5,3.2,2.15,3.4,3.2,2.1,3.5,3.3,2.15,3.5,3.25,2.15,3.47,3.41,2.18,3.6,3.4,2.16,3.49,3.25,2.09,3.85,3.45,2.2,2.25,1.62,2.34,1.64,2.32,1.62,2.26,1.58,2.42,1.68,0.25,1.97,1.77,2.01,1.88,1.97,1.84,1.94,1.72,2.11,1.89
E2,19/08/2025,19:45,Huddersfield,Doncaster,2,0,H,0,0,D,L Doughty,11,12,7,3,14,19,7,6,3,3,0,0,1.9,3.8,3.6,1.91,3.6,4,1.86,3.85,3.65,1.91,3.5,3.9,1.93,3.5,3.75,1.95,3.6,3.8,1.95,3.5,3.75,1.89,3.85,3.97,1.95,3.85,4,1.9,3.64,3.73,1.99,3.9,3.95,1.93,1.93,1.97,1.89,1.93,1.93,1.86,1.87,2,1.94,-0.5,1.95,1.9,1.9,1.99,1.95,1.91,1.86,1.87,1.99,1.98,2.15,3.4,3.2,2.15,3.3,3.5,2.07,3.45,3.3,2.1,3.25,3.5,2.2,3.2,3.25,2.2,3.25,3.3,2.2,3.25,3.3,2.29,3.36,3.28,2.2,3.5,3.5,2.13,3.31,3.33,2.22,3.5,3.65,2.2,1.65,2.28,1.67,2.2,1.71,2.15,1.64,2.28,1.76,-0.25,1.87,1.87,1.97,1.92,1.87,1.93,1.76,1.9,1.91,2.06
E2,19/08/2025,19:45,Luton,Wigan,1,0,H,1,0,H,C Brook,13,9,4,3,7,12,8,4,1,2,0,0,1.6,3.75,5.5,1.6,3.75,6,1.56,4.1,5.5,1.6,3.7,6,1.61,3.8,5.25,1.61,3.9,5.5,1.61,3.8,5.5,1.64,3.8,5.93,1.61,4.1,6,1.59,3.82,5.65,1.65,4,6.6,2.15,1.67,2.21,1.69,2.15,1.75,2.08,1.68,2.26,1.73,-0.75,1.8,2.05,1.83,2.06,1.8,2.05,1.73,1.96,1.83,2.13,1.57,3.6,5.5,1.67,3.5,6,1.68,3.55,5.1,1.65,3.5,5.75,1.66,3.5,5.5,1.67,3.6,5.5,1.67,3.5,5.5,1.79,3.44,5.22,1.7,3.6,6,1.66,3.51,5.45,1.71,3.8,6.2,2.4,1.53,2.49,1.56,2.4,1.57,2.38,1.53,2.54,1.62,-0.75,1.79,1.94,2.07,1.83,1.9,1.94,1.85,1.81,1.94,2.04
E2,19/08/2025,19:45,Mansfield,Blackpool,2,0,H,0,0,D,B Toner,15,6,6,1,13,13,4,0,0,0,0,0,2.55,3.3,2.63,2.6,3.3,2.75,2.45,3.55,2.55,2.55,3.3,2.7,2.45,3.3,2.7,2.37,3.2,2.6,2.37,3.2,2.6,2.55,3.41,2.82,2.6,3.55,2.8,2.48,3.34,2.65,2.66,3.55,2.86,2.03,1.83,2.02,1.85,2.03,1.83,1.95,1.79,2.04,1.9,0,1.88,1.98,1.84,2.04,1.88,2,1.78,1.96,1.92,2.05,2.65,3.25,2.5,2.63,3.25,2.75,2.5,3.55,2.5,2.63,3.3,2.63,2.65,3.3,2.5,2.45,3.2,2.5,2.45,3.2,2.5,2.54,3.49,2.79,2.65,3.55,2.75,2.57,3.32,2.57,2.76,3.55,2.74,2.05,1.75,1.93,1.94,2.1,1.8,1.99,1.75,2.06,1.89,0,1.89,1.84,1.85,2.04,1.91,2,1.82,1.9,1.99,1.97
E2,19/08/2025,19:45,Northampton,Lincoln,0,1,A,0,1,A,O Yates,10,3,3,1,9,13,6,1,3,4,0,0,3.3,3.4,2.15,3.4,3.25,2.2,3.2,3.4,2.14,3.4,3.2,2.2,3.2,3.2,2.2,3.25,3.25,2.25,3.25,3.25,2.25,3.41,3.43,2.2,3.4,3.4,2.25,3.28,3.27,2.17,3.6,3.5,2.24,2.25,1.62,2.32,1.63,2.25,1.62,2.22,1.6,2.38,1.67,0.25,1.98,1.88,1.98,1.9,1.98,1.88,1.88,1.79,2.05,1.92,2.85,3.2,2.35,3.2,3.1,2.4,3.1,3.35,2.2,3.1,3.1,2.4,2.95,3.1,2.4,3,3.2,2.45,3,3.1,2.4,3.41,3.34,2.24,3.2,3.35,2.45,3.05,3.17,2.34,3.3,3.3,2.52,2.4,1.53,2.44,1.58,2.5,1.62,2.36,1.54,2.54,1.62,0.25,1.72,2.04,1.96,1.93,1.81,2.04,1.76,1.9,1.86,2.13
E2,19/08/2025,19:45,Peterboro,Barnsley,0,1,A,0,1,A,S Jackson,7,15,1,5,13,11,2,5,1,3,0,0,3,3.6,2.15,3,3.6,2.25,2.85,3.9,2.17,3,3.7,2.15,2.87,3.7,2.2,2.9,3.75,2.25,2.9,3.7,2.2,2.98,3.78,2.28,3,3.9,2.25,2.93,3.71,2.18,3.15,3.95,2.32,1.6,2.3,1.61,2.36,1.62,2.3,1.57,2.27,1.64,2.42,0.25,1.93,1.93,1.88,2,1.93,1.93,1.83,1.84,1.96,2.02,3.5,3.8,1.86,3.6,3.75,1.95,3.2,4,1.96,3.5,3.8,1.95,3.25,3.7,2,3.3,3.75,2.05,3.3,3.75,2.05,3.06,3.85,2.21,3.6,4,2.05,3.34,3.83,1.96,3.7,4,2.02,1.57,2.35,1.59,2.43,1.57,2.4,1.54,2.36,1.6,2.6,0.5,1.87,1.87,1.72,2.21,1.87,2,1.8,1.92,1.92,2.02
E2,19/08/2025,19:45,Plymouth,Leyton Orient,0,1,A,0,0,D,B Speedie,12,10,5,5,7,12,4,2,1,2,0,0,2.7,3.3,2.5,2.75,3.4,2.5,2.6,3.6,2.43,2.7,3.5,2.45,2.7,3.4,2.45,2.75,3.5,2.45,2.7,3.5,2.45,2.82,3.5,2.51,2.8,3.6,2.5,2.69,3.44,2.45,2.86,3.7,2.58,1.8,2,1.8,2.05,1.88,2,1.82,1.92,1.86,2.08,0,2.03,1.83,2.07,1.83,2.03,1.83,1.97,1.78,2.08,1.88,3,3.4,2.15,3.1,3.5,2.25,2.95,3.6,2.2,3.1,3.5,2.2,3,3.5,2.2,3.2,3.6,2.15,3.1,3.5,2.15,2.77,3.44,2.59,3.2,3.6,2.25,3.04,3.5,2.19,3.15,3.8,2.34,1.75,2.05,1.88,2,1.82,2.05,1.77,1.97,1.82,2.16,0.25,1.82,1.92,1.7,2.23,1.89,1.92,1.82,1.84,1.94,2.03
E2,19/08/2025,19:45,Port Vale,Stevenage,1,2,A,1,0,H,S Stockbridge,15,11,6,3,11,13,4,2,1,2,0,0,2.45,3,3,2.6,3,3,2.5,3.25,2.7,2.55,3,2.9,2.5,3,2.9,2.5,3.1,3,2.5,3.1,2.9,2.53,3.08,3.14,2.6,3.25,3,2.51,3.07,2.88,2.66,3.25,3.05,2.5,1.5,2.59,1.52,2.63,1.55,2.44,1.51,2.7,1.53,0,1.78,2.1,1.74,2.16,1.78,2.1,1.73,2.04,1.84,2.11,2.57,2.85,2.75,2.63,3,2.88,2.55,3.15,2.75,2.6,3,2.88,2.6,3,2.8,2.62,3,2.87,2.62,3,2.87,2.66,3.05,2.98,2.75,3.15,2.88,2.6,3.02,2.8,2.74,3.2,3.05,2.6,1.48,2.68,1.5,2.63,1.52,2.5,1.49,2.72,1.55,0,1.77,1.97,1.83,2.06,1.86,2,1.79,1.94,1.88,2.1
E2,19/08/2025,19:45,Stockport,Bradford,1,2,A,1,0,H,T Parsons,19,10,8,3,9,10,8,8,1,2,0,0,2.05,3.4,3.5,2.05,3.3,3.75,1.94,3.5,3.75,2.05,3.3,3.6,2.05,3.3,3.6,2.05,3.3,3.6,2.05,3.3,3.6,2.07,3.51,3.68,2.1,3.5,3.75,2.02,3.36,3.6,2.12,3.5,4,2.15,1.67,2.23,1.68,2.25,1.67,2.18,1.62,2.26,1.72,-0.5,2.05,1.75,2.08,1.83,2.05,1.83,1.98,1.76,2.12,1.87,1.86,3.5,3.8,1.95,3.4,4,1.96,3.45,3.7,1.9,3.4,4.1,1.93,3.4,3.9,1.95,3.4,4,1.95,3.4,3.9,2.15,3.42,3.55,1.98,3.5,4.1,1.93,3.39,3.89,1.99,3.55,4.5,2.15,1.67,2.23,1.69,2.28,1.67,2.17,1.63,2.2,1.79,-0.5,1.89,1.84,2.15,1.76,1.98,1.85,1.91,1.81,1.99,1.98
E2,19/08/2025,19:45,Wycombe,Exeter,0,1,A,0,0,D,B Atkinson,19,6,8,1,10,8,6,7,4,3,0,0,1.65,4,4.75,1.67,3.75,5.5,1.62,4,4.9,1.65,3.75,5.25,1.65,3.8,5,1.65,3.9,5.25,1.65,3.8,5,1.66,4.13,5.05,1.67,4,5.5,1.64,3.87,5.03,1.7,4.1,5.7,2,1.85,1.99,1.88,2,1.91,1.92,1.81,2,1.94,-0.75,1.85,2,1.85,2.04,1.85,2,1.79,1.9,1.89,2.06,1.57,3.9,5,1.67,3.75,5.5,1.61,4.1,4.9,1.62,3.75,5.5,1.65,3.75,5,1.67,3.8,5,1.67,3.8,5,1.68,3.98,5.05,1.68,4.1,5.5,1.63,3.85,5.06,1.68,4,6,2.03,1.83,2.01,1.86,2.03,1.85,1.95,1.79,2.08,1.9,-0.75,1.77,1.97,1.89,2,1.85,1.97,1.78,1.89,1.88,2.11
E2,20/08/2025,20:00,Bolton,Reading,1,1,D,0,0,D,T Reeves,21,5,4,2,9,21,3,1,0,5,0,0,1.57,4.1,5.25,1.62,4,5.5,1.54,4.5,5.1,1.57,4.1,5.5,1.6,4,5,1.61,4.2,5.25,1.6,4,5,1.56,4.17,5.58,1.62,4.5,5.5,1.57,4.16,5.16,1.61,4.5,5.8,1.7,2.1,1.73,2.11,1.71,2.2,1.66,2.13,1.73,2.16,-1,2.03,1.83,1.98,1.88,2.03,1.83,1.91,1.79,2,1.89,1.53,4.33,5.5,1.53,4.33,6,1.52,4.5,5.2,1.53,4.33,5.5,1.55,4.33,5.25,1.55,4.4,5.5,1.55,4.33,5.25,1.57,4.35,5.66,1.57,4.5,6,1.53,4.37,5.36,1.6,4.5,6.2,1.6,2.3,1.66,2.3,1.62,2.33,1.58,2.26,1.68,2.44,-1,1.93,1.93,1.97,1.92,1.93,1.93,1.85,1.86,2,1.96
E2,23/08/2025,12:30,Luton,Cardiff,0,1,A,0,0,D,M Drysdale,23,16,7,3,11,10,5,8,2,1,0,0,2,3.3,3.7,2,3.4,3.75,2.02,3.5,3.45,2,3.4,3.7,1.98,3.4,3.7,2,3.5,3.7,2,3.5,3.7,2.04,3.46,3.62,2.05,3.5,3.75,2.01,3.4,3.6,2.18,3.5,3.75,2.05,1.75,2.09,1.76,2.1,1.75,2.04,1.71,2.08,1.78,-0.5,1.97,1.77,2.05,1.81,2.02,1.8,1.97,1.76,2.18,1.83,1.95,3.5,3.7,2.05,3.3,3.75,2.02,3.5,3.45,2.05,3.3,3.6,2.05,3.4,3.5,2.15,3.4,3.4,2.15,3.4,3.3,2.25,3.42,3.31,2.19,3.5,3.75,2.06,3.38,3.49,2.1,3.65,3.85,2.05,1.8,2.12,1.76,2.1,1.8,2.05,1.71,2.12,1.87,-0.25,1.7,2.1,1.94,1.94,1.86,2.1,1.7,1.98,1.81,2.18
E2,23/08/2025,12:30,Rotherham,Wigan,2,2,D,0,1,A,O Langford,12,13,5,5,13,13,4,6,1,3,0,0,3,3.2,2.35,3.1,3.2,2.4,2.88,3.5,2.3,3,3.2,2.38,2.9,3.25,2.35,3,3.3,2.37,2.9,3.3,2.37,2.99,3.26,2.42,3.1,3.5,2.4,2.95,3.28,2.34,3.1,3.45,2.44,2.25,1.62,2.27,1.64,2.25,1.73,2.14,1.65,2.26,1.68,0.25,1.8,2.05,1.78,2.09,1.8,2.05,1.74,1.94,1.85,2.08,3.2,3.2,2.25,3.2,3.2,2.3,2.88,3.45,2.3,3.13,3.2,2.3,3,3.25,2.3,3.1,3.3,2.3,3.1,3.25,2.3,3.02,3.38,2.43,3.2,3.45,2.34,3.05,3.27,2.29,3.3,3.5,2.38,2.2,1.65,2.21,1.71,2.2,1.67,2.15,1.64,2.28,1.73,0.25,1.82,1.92,1.81,2.1,1.82,2,1.79,1.91,1.93,2.04
E2,23/08/2025,15:00,AFC Wimbledon,Barnsley,2,0,H,1,0,H,O Yates,16,16,5,3,11,9,3,3,2,1,0,0,2.9,3.4,2.3,3,3.3,2.4,2.75,3.5,2.38,3,3.25,2.38,2.85,3.3,2.37,2.9,3.4,2.4,2.87,3.3,2.4,2.85,3.46,2.41,3,3.5,2.4,2.87,3.35,2.37,3,3.45,2.54,2.05,1.75,2.08,1.76,2.05,1.8,1.99,1.75,2.06,1.79,0.25,1.83,2.03,1.78,2.1,1.83,2.04,1.73,1.96,1.83,2.18,3.1,3.4,2.15,3.4,3.3,2.2,3.05,3.5,2.18,3.4,3.3,2.15,3.2,3.3,2.15,3.1,3.4,2.3,3.2,3.4,2.2,3.18,3.55,2.26,3.4,3.5,2.3,3.17,3.39,2.18,3.5,3.65,2.26,2.1,1.7,2.13,1.76,2.1,1.78,2.03,1.73,2.16,1.83,0.25,1.93,1.93,1.93,1.96,1.93,1.93,1.86,1.82,1.98,1.98
E2,23/08/2025,15:00,Bolton,Lincoln,1,1,D,0,1,A,J Miles,18,5,6,3,11,13,13,2,2,2,0,0,1.7,3.5,5,1.73,3.6,5,1.72,3.8,4.4,1.73,3.6,4.8,1.73,3.6,4.6,1.75,3.7,4.8,1.73,3.6,4.6,1.72,3.74,4.75,1.75,3.8,5,1.72,3.64,4.66,1.75,3.85,5.2,2.05,1.75,2.05,1.77,2.1,1.77,2.01,1.73,2.1,1.81,-0.75,1.98,1.88,1.96,1.88,1.98,1.88,1.91,1.77,1.98,1.97,1.75,3.4,4.75,1.8,3.5,4.6,1.73,3.8,4.4,1.75,3.5,4.75,1.78,3.5,4.5,1.8,3.5,4.6,1.8,3.5,4.5,1.81,3.67,4.61,1.81,3.8,4.75,1.76,3.56,4.51,1.86,3.7,5,2.1,1.7,2.12,1.77,2.1,1.73,2.08,1.69,2.18,1.8,-0.5,1.78,2.03,1.81,2.08,1.8,2.05,1.74,2.01,1.86,2.14
E2,23/08/2025,15:00,Huddersfield,Stevenage,1,0,H,0,0,D,D Drysdale,12,11,6,4,8,16,7,4,2,1,0,0,1.95,3.3,3.9,2.05,3.25,3.75,1.98,3.45,3.6,1.95,3.3,4,1.95,3.4,3.75,2,3.5,3.8,1.95,3.4,3.75,2,3.29,3.95,2.05,3.55,4,1.97,3.36,3.75,2.02,3.4,4.5,2.2,1.65,2.25,1.65,2.23,1.67,2.16,1.64,2.28,1.68,-0.5,2,1.85,2.02,1.84,2,1.85,1.94,1.8,2.02,1.93,2.1,3.1,3.6,2.15,3.1,3.75,2.07,3.2,3.65,2.1,3.2,3.6,2.1,3.1,3.6,2.15,3.1,3.6,2.1,3.2,3.6,2.16,3.14,3.88,2.15,3.2,3.8,2.09,3.15,3.64,2.14,3.35,4.1,2.35,1.57,2.43,1.59,2.38,1.65,2.32,1.56,2.44,1.66,-0.25,1.83,2.03,1.84,2.06,1.83,2.03,1.74,1.97,1.82,2.21
E2,23/08/2025,15:00,Mansfield,Leyton Orient,4,1,H,2,1,H,C Brook,18,8,5,3,7,15,7,7,2,0,0,1,2.75,3.4,2.4,2.88,3.3,2.5,2.65,3.55,2.4,2.75,3.4,2.45,2.7,3.3,2.45,2.75,3.4,2.5,2.75,3.3,2.5,2.8,3.4,2.48,2.88,3.55,2.5,2.74,3.38,2.43,2.84,3.6,2.64,1.98,1.88,1.95,1.88,2,1.89,1.91,1.83,1.97,1.92,0,2.03,1.83,2.05,1.81,2.05,1.83,1.99,1.76,2.06,1.91,2.55,3.3,2.63,2.63,3.25,2.75,2.7,3.45,2.4,2.6,3.3,2.63,2.55,3.3,2.65,2.62,3.4,2.6,2.62,3.4,2.6,2.72,3.53,2.59,2.7,3.45,2.75,2.61,3.34,2.57,2.72,3.5,2.82,2.05,1.75,1.89,1.98,2.05,1.83,1.95,1.79,2.08,1.89,0,1.88,1.98,1.99,1.89,1.91,1.98,1.85,1.9,1.94,2.01
E2,23/08/2025,15:00,Northampton,Exeter,2,0,H,2,0,H,E Duckworth,10,6,3,1,9,15,1,4,0,4,0,0,2.35,3.1,3.1,2.4,3.1,3.1,2.35,3.25,2.95,2.38,3.2,3,2.37,3.2,2.95,2.4,3.25,3,2.37,3.25,3,2.45,3.12,3.07,2.42,3.25,3.1,2.37,3.17,2.99,2.52,3.25,3.25,2.25,1.62,2.33,1.61,2.4,1.62,2.26,1.58,2.32,1.65,-0.25,2.05,1.8,2.1,1.78,2.05,1.8,1.94,1.73,2.15,1.85,2.25,3.1,3.3,2.25,3.2,3.4,2.25,3.25,3.1,2.2,3.13,3.4,2.25,3.2,3.2,2.25,3.25,3.25,2.25,3.2,3.25,2.31,3.25,3.35,2.28,3.25,3.4,2.23,3.19,3.24,2.3,3.3,3.7,2.25,1.62,2.38,1.62,2.33,1.62,2.27,1.58,2.38,1.69,-0.25,1.95,1.9,1.98,1.91,1.95,1.9,1.84,1.82,1.95,2.01
E2,23/08/2025,15:00,Peterboro,Bradford,1,1,D,0,0,D,J Durkin,12,15,4,4,10,20,8,6,1,1,0,0,3.5,3.7,1.95,3.6,3.6,2,3.45,3.85,1.93,3.6,3.6,1.95,3.4,3.5,2,3.5,3.6,2.05,3.4,3.6,2,3.63,3.67,1.96,3.66,3.85,2.05,3.49,3.64,1.96,3.75,3.9,2.04,1.8,2,1.79,2.04,1.8,2.04,1.75,2,1.81,2.06,0.5,1.88,1.98,1.87,1.98,1.88,1.98,1.81,1.92,1.94,2.04,3.25,3.6,2.05,3.4,3.5,2.1,3.4,3.85,1.93,3.3,3.6,2.05,3.25,3.5,2.05,3.5,3.6,2.05,3.4,3.6,2,3.7,3.71,2,3.5,3.85,2.1,3.35,3.62,2.02,3.45,3.85,2.18,1.8,2,1.82,2.05,1.8,2.02,1.75,1.99,1.86,2.14,0.5,1.75,2.05,1.88,2.01,1.83,2.05,1.76,1.98,1.81,2.18
E2,23/08/2025,15:00,Plymouth,Blackpool,1,0,H,0,0,D,D Rock,14,9,3,2,13,9,4,4,1,3,0,0,2.6,3.3,2.6,2.63,3.3,2.75,2.65,3.6,2.4,2.63,3.4,2.6,2.6,3.3,2.55,2.62,3.4,2.6,2.62,3.3,2.6,2.66,3.38,2.61,2.65,3.6,2.75,2.62,3.38,2.54,2.8,3.5,2.72,1.95,1.9,1.94,1.89,1.95,1.91,1.89,1.85,1.92,2,0,1.93,1.93,1.94,1.91,1.95,1.93,1.89,1.85,2.02,1.95,2.3,3.4,2.88,2.38,3.4,3,2.25,3.6,2.88,2.3,3.5,2.88,2.37,3.4,2.75,2.4,3.5,2.8,2.37,3.5,2.8,2.42,3.46,2.97,2.4,3.6,3,2.31,3.46,2.87,2.42,3.6,3.1,1.85,2,1.85,2.02,1.88,2,1.81,1.93,1.87,2.12,-0.25,2.03,1.83,2.1,1.81,2.03,1.83,1.93,1.78,2.07,1.9
E2,23/08/2025,15:00,Port Vale,Doncaster,0,1,A,0,0,D,R Ricardo,13,6,3,1,10,7,7,6,1,2,0,0,2.8,3,2.6,2.88,3.1,2.63,2.63,3.45,2.5,2.7,3.2,2.6,2.7,3.2,2.55,2.75,3.25,2.6,2.75,3.2,2.6,2.76,3.17,2.66,2.88,3.45,2.63,2.71,3.22,2.55,2.84,3.3,2.72,2.15,1.67,2.23,1.66,2.2,1.68,2.12,1.66,2.2,1.7,0,1.98,1.88,1.96,1.89,2,1.88,1.93,1.82,2.02,1.95,2.5,3,2.9,2.5,3.1,3,2.43,3.15,2.88,2.5,3.13,2.88,2.5,3.2,2.75,2.45,3.25,2.9,2.4,3.25,2.9,2.64,3.05,3.02,2.55,3.25,3,2.47,3.12,2.89,2.6,3.35,3.1,2.2,1.65,2.54,1.55,2.28,1.65,2.23,1.6,2.32,1.72,0,1.78,2.1,1.82,2.09,1.78,2.1,1.74,2.02,1.84,2.17
E2,23/08/2025,15:00,Stockport,Burton,2,1,H,0,1,A,S Stockbridge,14,20,5,3,9,8,4,8,3,0,1,0,1.53,4.1,5.75,1.53,4,6.5,1.48,4.4,6,1.53,4,6,1.55,4.1,5.5,1.57,4.2,5.75,1.55,4.2,5.75,1.52,4.17,6.01,1.57,4.4,6.5,1.52,4.13,5.91,1.54,4,6,1.98,1.88,1.97,1.87,1.98,1.91,1.9,1.84,1.33,1.16,-1,1.95,1.9,1.93,1.93,1.95,1.9,1.84,1.86,1.54,1.02,1.53,4.1,5.75,1.5,4,7,1.49,4.4,5.8,1.5,4.1,6.5,1.52,4.1,6,1.53,4.2,6.5,1.5,4.2,6,1.52,4.36,6.45,1.53,4.4,7,1.5,4.16,6.16,1.57,4.4,7,1.98,1.88,1.95,1.92,1.98,1.91,1.9,1.84,1.98,2,-1,1.93,1.93,1.88,2.01,1.93,1.93,1.84,1.89,1.96,1.97
E2,23/08/2025,15:00,Wycombe,Reading,2,2,D,1,2,A,A Chilowicz,14,16,6,6,10,12,5,8,1,3,0,0,1.8,3.4,4.5,1.83,3.5,4.5,1.79,3.85,4,1.8,3.6,4.33,1.83,3.5,4.2,1.85,3.5,4.33,1.83,3.5,4.2,1.81,3.62,4.34,1.85,3.85,4.5,1.81,3.58,4.21,1.9,3.65,4.6,2,1.85,2,1.84,2,1.85,1.94,1.79,1.98,1.86,-0.5,1.83,2.03,1.83,2.04,1.83,2.03,1.79,1.94,1.9,2.09,1.91,3.3,4,1.9,3.5,4.2,1.78,3.75,4.1,1.91,3.5,3.9,1.87,3.5,4,1.91,3.6,4,1.85,3.5,4,1.84,3.63,4.49,1.91,3.75,4.3,1.85,3.55,4.03,1.96,3.75,4.3,1.93,1.93,1.93,1.93,1.93,1.93,1.9,1.83,2,1.98,-0.5,1.93,1.93,1.85,2.05,1.93,1.98,1.82,1.91,1.99,1.98
E2,30/08/2025,12:30,Cardiff,Plymouth,4,0,H,2,0,H,S Oldham,16,8,10,3,14,6,5,5,3,1,0,0,1.49,4.5,5.5,1.5,4.2,6.5,1.52,4.4,5.6,1.5,4.1,6.5,1.5,4.2,6,1.5,4.33,6,1.5,4.2,6,1.54,4.35,5.8,1.53,4.5,6.5,1.5,4.27,5.92,1.57,4.6,6.4,1.83,2.03,1.8,2.04,1.83,2.05,1.76,1.99,1.82,2.06,-1,1.88,1.98,1.92,1.95,1.88,1.98,1.82,1.89,1.92,1.97,1.52,4.5,5,1.57,4.2,5.5,1.52,4.4,5.6,1.55,4.1,5.75,1.58,4.1,5.25,1.57,4.2,5.5,1.57,4.2,5.5,1.57,4.32,5.68,1.6,4.5,5.75,1.55,4.19,5.41,1.61,4.5,6,1.73,2.08,1.82,2.04,1.8,2.08,1.74,2.01,1.85,2.14,-1,2.03,1.83,1.97,1.92,2.03,1.86,1.9,1.81,2.1,1.88
E2,30/08/2025,12:30,Doncaster,Rotherham,1,0,H,1,0,H,E Bell,13,14,3,3,12,13,2,6,3,1,0,0,1.66,4,4.33,1.73,3.6,5,1.64,4,4.9,1.7,3.6,5,1.71,3.6,4.75,1.73,3.7,4.8,1.73,3.6,4.8,1.71,3.73,5.07,1.73,4,5,1.68,3.73,4.83,1.74,3.95,5.6,2.05,1.75,2.06,1.76,2.1,1.82,1.99,1.76,2.1,1.81,-0.75,1.93,1.93,1.95,1.92,1.93,1.93,1.84,1.85,1.95,1.97,1.62,4,4.33,1.67,3.75,5.5,1.64,4,4.9,1.7,3.6,5,1.7,3.7,4.75,1.73,3.75,4.8,1.65,3.9,5,1.63,3.93,5.76,1.73,4,5.5,1.67,3.78,4.88,1.76,4,5.3,2.05,1.8,2.06,1.83,2.1,1.82,1.98,1.76,2.08,1.89,-0.75,1.93,1.93,1.82,2.09,1.93,1.93,1.84,1.85,1.99,1.97
E2,30/08/2025,15:00,Barnsley,Huddersfield,3,1,H,2,0,H,E Duckworth,7,9,5,1,8,13,3,6,1,2,0,1,2.5,3.75,2.35,2.75,3.5,2.5,2.6,3.7,2.45,2.63,3.5,2.5,2.55,3.5,2.5,2.6,3.5,2.6,2.6,3.5,2.5,2.72,3.46,2.52,2.75,3.75,2.6,2.59,3.54,2.48,2.9,3.65,2.5,1.75,2.05,1.81,2.03,1.8,2.05,1.76,1.98,1.82,2.12,0,2,1.85,2,1.85,2,1.9,1.92,1.83,2.14,1.84,2.52,3.7,2.27,2.75,3.5,2.5,2.6,3.75,2.45,2.7,3.5,2.45,2.65,3.6,2.4,2.7,3.6,2.45,2.62,3.6,2.45,2.74,3.64,2.5,2.75,3.8,2.5,2.62,3.61,2.43,2.84,3.8,2.58,1.6,2.3,1.74,2.16,1.73,2.3,1.66,2.12,1.76,2.28,0,2.03,1.83,2.04,1.85,2.03,1.85,1.95,1.8,2.07,1.91
E2,30/08/2025,15:00,Blackpool,Bolton,1,1,D,1,0,H,T Nield,6,17,1,4,15,11,0,5,1,2,0,0,3.2,3.2,2.2,3.1,3.4,2.3,3.05,3.65,2.17,3,3.5,2.25,2.95,3.4,2.25,3,3.5,2.25,3,3.5,2.25,3.14,3.45,2.24,3.2,3.65,2.3,3.03,3.47,2.21,3.35,3.6,2.28,1.85,2,1.88,1.95,1.85,2,1.82,1.91,1.87,2,0.25,1.88,1.98,1.9,1.95,1.88,1.98,1.84,1.85,2.01,1.97,3.1,3.25,2.15,3.2,3.4,2.1,3.2,3.65,2.1,3.1,3.4,2.25,3.1,3.4,2.15,3.2,3.5,2.2,3.2,3.4,2.2,3.69,3.66,2.02,3.2,3.65,2.25,3.12,3.45,2.17,3.25,3.6,2.36,1.93,1.93,1.91,1.96,1.93,1.93,1.86,1.87,1.93,2.02,0.25,1.88,1.98,2.16,1.75,1.92,1.98,1.87,1.82,1.94,2.04
E2,30/08/2025,15:00,Bradford,AFC Wimbledon,3,2,H,1,1,D,M Coy,16,13,6,4,9,13,7,2,0,1,0,0,1.68,3.6,4.75,1.8,3.5,4.6,1.74,3.75,4.5,1.75,3.5,5,1.75,3.5,4.6,1.8,3.5,4.8,1.75,3.5,4.6,1.78,3.49,4.76,1.8,3.75,5,1.74,3.55,4.66,1.79,3.8,5.4,2.15,1.67,2.22,1.68,2.16,1.73,2.09,1.67,2.2,1.71,-0.75,2,1.85,2.06,1.81,2,1.85,1.94,1.75,2.04,1.9,1.75,3.4,4.5,1.83,3.4,4.6,1.78,3.55,4.4,1.85,3.3,4.5,1.82,3.4,4.33,1.85,3.4,4.5,1.83,3.4,4.4,1.75,3.65,5.11,1.87,3.55,4.75,1.81,3.38,4.46,1.91,3.45,5,2.35,1.57,2.19,1.72,2.35,1.65,2.22,1.61,2.44,1.68,-0.5,1.85,2,1.75,2.17,1.85,2,1.79,1.93,1.9,2.06
E2,30/08/2025,15:00,Burton,Luton,0,3,A,0,2,A,P Wright,8,12,3,6,9,10,6,4,0,1,0,0,4.5,3.9,1.66,4.6,3.75,1.73,4.4,3.9,1.73,4.75,3.7,1.7,4.5,3.7,1.73,4.6,3.75,1.75,4.5,3.75,1.75,4.5,3.76,1.75,4.75,3.9,1.75,4.51,3.76,1.71,4.9,3.95,1.81,2,1.85,2.03,1.8,2,1.91,1.91,1.82,2.02,1.84,0.75,1.88,1.98,1.85,1.99,1.88,1.98,1.79,1.91,1.89,2.04,4.5,4,1.58,5,3.75,1.7,4.5,3.85,1.72,5.25,3.75,1.65,4.75,3.75,1.68,4.8,3.8,1.7,4.8,3.8,1.7,4.5,3.76,1.75,5.25,4,1.72,4.73,3.78,1.68,5.1,4.1,1.75,1.98,1.88,2.03,1.8,1.98,1.91,1.92,1.81,2.06,1.9,0.75,1.93,1.93,1.85,1.99,1.93,1.93,1.82,1.88,1.97,1.97
E2,30/08/2025,15:00,Exeter,Peterboro,3,0,H,1,0,H,M Corlett,12,6,5,1,23,9,5,5,3,2,0,0,2.1,3.8,3,2.15,3.5,3.25,2.12,3.75,3.05,2.15,3.5,3.2,2.2,3.4,3.1,2.2,3.5,3.1,2.2,3.5,3.1,2.2,3.54,3.15,2.25,3.8,3.25,2.15,3.56,3.08,2.28,3.7,3.2,1.75,2.05,1.79,2.03,1.8,2.05,1.77,1.96,1.79,1.94,-0.25,1.9,1.95,1.93,1.93,1.9,1.95,1.81,1.88,1.99,1.95,2.1,3.6,2.8,2.25,3.4,3.2,2.14,3.65,3.1,2.2,3.4,3.13,2.2,3.4,3,2.25,3.5,3.1,2.25,3.4,3.1,2.28,3.54,3.14,2.25,3.65,3.2,2.19,3.48,3.07,2.36,3.6,3.25,1.98,1.88,1.86,2.02,1.98,1.93,1.86,1.87,2,1.95,-0.25,1.98,1.88,1.98,1.9,1.98,1.89,1.83,1.86,2.04,1.94
E2,30/08/2025,15:00,Leyton Orient,Northampton,0,1,A,0,0,D,J Miles,6,8,4,4,17,9,6,6,5,0,0,0,1.68,3.8,4.5,1.73,3.6,5,1.7,3.7,4.9,1.7,3.6,5,1.75,3.5,4.6,1.8,3.5,4.8,1.75,3.5,4.6,1.72,3.6,4.94,1.8,3.8,5,1.71,3.58,4.8,1.76,3.85,5.6,2.1,1.7,2.14,1.72,2.18,1.73,2.11,1.67,2.18,1.74,-0.75,1.98,1.88,1.98,1.88,1.98,1.88,1.9,1.79,1.99,1.96,1.67,3.75,4.33,1.8,3.5,4.6,1.7,3.7,4.9,1.73,3.5,5,1.75,3.6,4.5,1.73,3.7,4.8,1.73,3.6,4.8,1.74,3.67,5.11,1.8,3.75,5,1.73,3.58,4.72,1.79,3.8,5.4,2.08,1.73,2.15,1.73,2.18,1.73,2.11,1.67,2.2,1.81,-0.75,2.03,1.83,1.99,1.9,2.03,1.84,1.92,1.78,2.03,1.91
E2,30/08/2025,15:00,Lincoln,Mansfield,1,1,D,1,0,H,A Bannister,7,14,2,4,14,16,3,11,6,2,1,0,2.2,3.6,2.85,2.3,3.3,3.1,2.35,3.35,2.95,2.3,3.25,3.1,2.25,3.25,3,2.3,3.3,3.1,2.3,3.3,3.1,2.28,3.29,3.2,2.35,3.6,3.14,2.29,3.29,3.02,2.36,3.55,3.2,2.1,1.7,2.18,1.7,2.18,1.73,2.12,1.66,2.18,1.73,-0.25,2,1.85,1.97,1.88,2,1.85,1.91,1.77,2.05,1.91,2.1,3.5,3.1,2.2,3.25,3.4,2.15,3.4,3.25,2.2,3.13,3.4,2.2,3.25,3.25,2.2,3.3,3.3,2.2,3.25,3.3,2.24,3.39,3.37,2.23,3.5,3.4,2.17,3.27,3.28,2.24,3.45,3.6,2.35,1.57,2.17,1.73,2.35,1.67,2.19,1.62,2.42,1.68,-0.25,1.9,1.95,1.93,1.96,1.9,1.95,1.81,1.88,1.93,2.04
E2,30/08/2025,15:00,Reading,Port Vale,1,0,H,0,0,D,T Parsons,11,14,5,3,12,12,2,6,2,2,0,0,2.45,3.5,2.57,2.6,3.3,2.75,2.38,3.5,2.75,2.6,3.25,2.7,2.45,3.25,2.75,2.5,3.3,2.8,2.5,3.3,2.8,2.6,3.32,2.71,2.6,3.5,2.8,2.49,3.35,2.7,2.7,3.45,2.8,2.15,1.67,2.16,1.7,2.15,1.73,2.08,1.69,2.16,1.74,0,1.88,1.98,1.88,1.97,1.88,1.98,1.83,1.91,1.95,1.99,2.25,3.5,2.7,2.4,3.5,2.88,2.4,3.5,2.75,2.38,3.2,3,2.45,3.25,2.8,2.5,3.3,2.87,2.45,3.25,2.8,2.4,3.49,2.98,2.5,3.5,3,2.39,3.35,2.83,2.44,3.7,3.05,2.15,1.67,2.22,1.7,2.16,1.73,2.09,1.68,2.22,1.79,0,1.75,2.05,1.75,2.17,1.83,2.11,1.71,2.06,1.78,2.22
E2,30/08/2025,15:00,Stevenage,Wycombe,1,0,H,1,0,H,S Mather,9,10,5,0,14,11,5,2,2,2,0,0,2.25,3.3,3,2.4,3.2,3.1,2.35,3.3,2.95,2.38,3.1,3.1,2.3,3.1,3.2,2.3,3.2,3.25,2.3,3.1,3.2,2.4,3.1,3.17,2.4,3.3,3.25,2.33,3.16,3.06,2.48,3.35,3.2,2.35,1.57,2.43,1.56,2.42,1.57,2.37,1.53,2.4,1.62,-0.25,2.03,1.83,2.05,1.81,2.03,1.83,1.93,1.76,2.11,1.86,2.3,3.3,2.7,2.4,3.2,3,2.35,3.35,2.95,2.5,3.13,2.9,2.4,3.1,2.9,2.45,3.2,3,2.45,3.2,2.9,2.53,3.25,2.99,2.5,3.35,3,2.41,3.19,2.9,2.66,3.35,3,2.35,1.57,2.39,1.6,2.38,1.57,2.31,1.56,2.44,1.67,-0.25,2.08,1.73,2.15,1.75,2.1,1.75,1.99,1.71,2.26,1.78
E2,30/08/2025,15:00,Wigan,Stockport,1,1,D,0,1,A,R Joyce,13,8,3,3,7,10,2,3,1,2,0,0,2.7,3.1,2.57,2.88,3.1,2.63,2.75,3.2,2.6,2.75,3.1,2.63,2.8,3.1,2.55,2.8,3.1,2.6,2.8,3.1,2.6,2.73,3.19,2.67,2.88,3.2,2.66,2.76,3.11,2.58,2.9,3.25,2.76,2.4,1.53,2.41,1.56,2.4,1.57,2.36,1.53,1.47,1.25,0,1.98,1.88,1.95,1.9,2,1.88,1.93,1.81,2.01,1.93,2.6,3.25,2.5,2.8,3.1,2.63,2.75,3.2,2.6,2.7,3.1,2.7,2.65,3.2,2.6,2.7,3.2,2.7,2.7,3.2,2.62,2.76,3.24,2.72,2.8,3.25,2.71,2.69,3.16,2.62,2.82,3.4,2.78,2.25,1.62,2.47,1.57,2.4,1.62,2.28,1.57,2.4,1.68,0,1.98,1.88,1.95,1.93,1.98,1.9,1.88,1.87,2.01,1.97
