Date,HomeTeam,AwayTeam,HomeBookings,AwayBookings,HomeCorners,AwayCorners,Referee
2024-08-09,Blackburn Rovers,Derby County,1,3,1,9,J Smith
2024-08-09,Preston North End,Sheffield United,1,0,3,6,R Madley
2024-08-10,Cardiff City,Sunderland,1,2,4,4,A Davies
2024-08-10,Hull City,Bristol City,0,2,2,8,K Stroud
2024-08-10,Leeds,Portsmouth,2,4,12,0,O Langford
2024-08-10,Middlesbrough,Swansea City,1,4,6,9,S Allison
2024-08-10,Millwall,Watford,2,3,5,5,J Busby
2024-08-10,Oxford United,Norwich City,1,3,5,5,A Kitchen
2024-08-10,Queens Park Rangers,West Bromwich Albion,1,0,12,3,D Webb
2024-08-10,Stoke City,Coventry City,2,1,9,7,G Ward
2024-08-11,Sheffield Wednesday,Plymouth Argyle,1,1,15,1,L Smith
2024-08-12,Luton Town,Burnley,2,3,5,4,M Donohue
2024-08-17,Bristol City,Millwall,1,2,5,4,S Gill
2024-08-17,Burnley,Cardiff City,2,1,2,5,M Salisbury
2024-08-16,Coventry City,Oxford United,0,3,13,1,D Coote
2024-08-17,Derby County,Middlesbrough,3,1,3,8,R Madley
2024-08-17,Norwich City,Blackburn Rovers,2,3,6,4,J Bell
2024-08-17,Plymouth Argyle,Hull City,3,1,6,3,L Doughty
2024-08-17,Portsmouth,Luton Town,3,5,5,4,J Busby
2024-08-17,Sheffield United,Queens Park Rangers,2,5,4,9,A Backhouse
2024-08-18,Sunderland,Sheffield Wednesday,0,3,5,8,D Whitestone
2024-08-17,Swansea City,Preston North End,1,3,5,3,S Martin
2024-08-17,Watford,Stoke City,2,2,2,4,T Nield
2024-08-17,West Bromwich Albion,Leeds,2,2,5,4,S Allison
2024-08-24,Blackburn Rovers,Oxford United,2,1,7,5,L Smith
2024-08-24,Bristol City,Coventry City,2,4,8,2,A Kitchen
2024-08-24,Hull City,Millwall,2,2,5,7,D Webb
2024-08-24,Middlesbrough,Portsmouth,0,5,15,2,M Donohue
2024-08-24,Norwich City,Sheffield United,5,2,1,5,J Smith
2024-08-24,Preston North End,Luton Town,6,1,2,13,D Whitestone
2024-08-24,Queens Park Rangers,Plymouth Argyle,2,7,11,1,G Ward
2024-08-23,Sheffield Wednesday,Leeds,2,3,3,2,S Hooper
2024-08-24,Stoke City,West Bromwich Albion,2,3,2,5,J Bell
2024-08-24,Sunderland,Burnley,5,3,3,1,S Martin
2024-08-25,Swansea City,Cardiff City,2,2,2,5,O Langford
2024-08-24,Watford,Derby County,2,3,4,2,G Eltringham
2024-08-31,Burnley,Blackburn Rovers,4,9,9,0,T Harrington
2024-08-31,Cardiff City,Middlesbrough,2,1,4,5,D Webb
2024-08-31,Coventry City,Norwich City,4,3,6,3,A Davies
2024-08-31,Derby County,Bristol City,1,0,6,9,T Nield
2024-08-31,Leeds,Hull City,2,1,8,7,G Ward
2024-08-30,Luton Town,Queens Park Rangers,3,2,4,5,R Madley
2024-08-31,Millwall,Sheffield Wednesday,2,1,6,6,L Doughty
2024-08-31,Oxford United,Preston North End,2,6,2,5,K Stroud
2024-08-31,Plymouth Argyle,Stoke City,1,3,10,4,O Langford
2024-08-31,Portsmouth,Sunderland,3,1,4,5,S Allison
2024-09-01,Sheffield United,Watford,5,3,8,5,A Kitchen
2024-08-31,West Bromwich Albion,Swansea City,4,1,6,7,A Backhouse
2024-09-14,Blackburn Rovers,Bristol City,0,4,6,6,S Martin
2024-09-14,Derby County,Cardiff City,2,3,7,6,M Donohue
2024-09-13,Hull City,Sheffield United,2,4,16,3,P Bankes
2024-09-14,Leeds,Burnley,3,7,9,3,J Bell
2024-09-14,Middlesbrough,Preston North End,0,5,9,2,T Nield
2024-09-14,Millwall,Luton Town,2,3,6,4,J Smith
2024-09-14,Oxford United,Stoke City,0,1,4,6,D Whitestone
2024-09-14,Plymouth Argyle,Sunderland,4,4,3,5,J Brooks
2024-09-15,Portsmouth,West Bromwich Albion,6,2,10,4,L Doughty
2024-09-14,Sheffield Wednesday,Queens Park Rangers,0,3,11,4,O Langford
2024-09-14,Swansea City,Norwich City,2,3,4,5,J Busby
2024-09-14,Watford,Coventry City,2,2,6,10,R Madley
2024-09-21,Bristol City,Oxford United,1,4,5,1,W Finnie
2024-09-21,Burnley,Portsmouth,2,2,4,2,D Webb
2024-09-21,Cardiff City,Leeds,3,2,0,4,J Smith
2024-09-21,Coventry City,Swansea City,2,3,6,3,J Linington
2024-09-21,Luton Town,Sheffield Wednesday,1,4,8,5,G Ward
2024-09-21,Norwich City,Watford,2,1,3,5,A Backhouse
2024-09-22,Preston North End,Blackburn Rovers,5,6,3,4,M Donohue
2024-09-21,Queens Park Rangers,Millwall,2,1,5,10,J Busby
2024-09-21,Sheffield United,Derby County,3,2,11,2,A Madley
2024-09-20,Stoke City,Hull City,3,2,2,5,B Toner
2024-09-21,Sunderland,Middlesbrough,3,2,3,5,S Hooper
2024-09-21,West Bromwich Albion,Plymouth Argyle,3,2,5,2,A Kitchen
2024-09-28,Blackburn Rovers,Queens Park Rangers,3,3,8,2,C Pawson
2024-09-28,Derby County,Norwich City,3,2,9,5,O Langford
2024-09-28,Hull City,Cardiff City,3,4,7,5,L Doughty
2024-09-28,Leeds,Coventry City,1,2,7,3,G Ward
2024-09-28,Middlesbrough,Stoke City,4,7,7,2,S Martin
2024-09-28,Millwall,Preston North End,4,2,3,8,D Bond
2024-09-28,Oxford United,Burnley,1,2,2,6,R Madley
2024-09-27,Plymouth Argyle,Luton Town,1,4,3,15,J Busby
2024-09-28,Portsmouth,Sheffield United,2,3,14,9,M Donohue
2024-09-28,Sheffield Wednesday,West Bromwich Albion,6,3,5,4,B Toner
2024-09-29,Swansea City,Bristol City,1,3,3,8,J Smith
2024-09-28,Watford,Sunderland,2,1,4,6,A Davies
2024-10-01,Burnley,Plymouth Argyle,1,0,7,1,R Madley
2024-10-01,Cardiff City,Millwall,1,3,5,6,G Ward
2024-10-01,Coventry City,Blackburn Rovers,1,3,5,1,J Busby
2024-10-01,Luton Town,Oxford United,4,3,5,6,J Bell
2024-10-01,Queens Park Rangers,Hull City,1,3,5,6,T Kirk
2024-10-02,Sheffield United,Swansea City,3,2,5,5,L Doughty
2024-10-01,Sunderland,Derby County,2,2,1,8,D Whitestone
2024-10-01,West Bromwich Albion,Middlesbrough,2,1,5,4,D Webb
2024-10-02,Bristol City,Sheffield Wednesday,2,1,6,5,A Backhouse
2024-10-01,Norwich City,Leeds,3,4,9,6,S Martin
2024-10-02,Preston North End,Watford,2,0,7,5,A Kitchen
2024-10-02,Stoke City,Portsmouth,2,1,3,5,T Nield
2024-10-06,Bristol City,Cardiff City,2,1,4,6,R Madley
2024-10-05,Burnley,Preston North End,3,4,2,3,G Ward
2024-10-05,Coventry City,Sheffield Wednesday,4,3,6,6,D Whitestone
2024-10-05,Derby County,Queens Park Rangers,1,1,6,9,D Webb
2024-10-05,Norwich City,Hull City,4,4,4,7,T Nield
2024-10-05,Plymouth Argyle,Blackburn Rovers,4,3,5,5,J Linington
2024-10-05,Portsmouth,Oxford United,0,1,11,4,L Smith
2024-10-05,Sheffield United,Luton Town,2,1,5,6,J Brooks
2024-10-04,Sunderland,Leeds,3,3,8,1,T Robinson
2024-10-05,Swansea City,Stoke City,0,4,5,9,A Davies
2024-10-05,Watford,Middlesbrough,3,1,7,5,M Donohue
2024-10-05,West Bromwich Albion,Millwall,2,3,5,2,W Finnie
2024-10-19,Blackburn Rovers,Swansea City,1,2,3,8,D Webb
2024-10-19,Cardiff City,Plymouth Argyle,3,2,9,1,A Kitchen
2024-10-20,Hull City,Sunderland,1,1,4,4,R Madley
2024-10-18,Leeds,Sheffield United,1,2,7,3,L Smith
2024-10-19,Luton Town,Watford,3,2,11,4,S Martin
2024-10-19,Middlesbrough,Bristol City,5,3,7,0,S Allison
2024-10-19,Millwall,Derby County,2,0,9,5,S Attwell
2024-10-19,Oxford United,West Bromwich Albion,3,1,5,8,L Doughty
2024-10-19,Preston North End,Coventry City,4,0,9,9,J Smith
2024-10-19,Queens Park Rangers,Portsmouth,1,3,3,5,J Linington
2024-10-19,Sheffield Wednesday,Burnley,1,2,10,3,M Salisbury
2024-10-19,Stoke City,Norwich City,0,1,8,7,A Backhouse
2024-10-22,Cardiff City,Portsmouth,2,2,12,5,O Langford
2024-10-23,Hull City,Burnley,0,1,4,8,D Whitestone
2024-10-22,Leeds,Watford,2,1,10,4,A Backhouse
2024-10-22,Oxford United,Derby County,1,5,1,6,G Ward
2024-10-22,Preston North End,Norwich City,2,3,5,2,W Finnie
2024-10-22,Queens Park Rangers,Coventry City,2,1,7,3,J Bell
2024-10-22,Sheffield Wednesday,Swansea City,0,4,9,6,M Donohue
2024-10-22,Stoke City,Bristol City,3,1,6,13,D Webb
2024-10-23,Blackburn Rovers,West Bromwich Albion,1,1,4,4,J Busby
2024-10-23,Luton Town,Sunderland,2,4,10,3,T Nield
2024-10-23,Middlesbrough,Sheffield United,0,1,8,6,A Davies
2024-10-23,Millwall,Plymouth Argyle,5,1,6,2,S Allison
2024-10-26,Bristol City,Leeds,1,3,7,6,J Linington
2024-10-26,Burnley,Queens Park Rangers,0,1,16,1,A Kitchen
2024-10-26,Coventry City,Luton Town,2,6,11,5,R Madley
2024-10-26,Derby County,Hull City,1,4,5,3,T Nield
2024-10-27,Norwich City,Middlesbrough,3,3,3,2,J Bell
2024-10-26,Plymouth Argyle,Preston North End,0,3,2,1,A Davies
2024-10-25,Portsmouth,Sheffield Wednesday,1,3,7,7,T Robinson
2024-10-26,Sheffield United,Stoke City,4,2,5,3,B Toner
2024-10-26,Sunderland,Oxford United,2,2,8,2,O Langford
2024-10-26,Swansea City,Millwall,1,4,10,6,J Busby
2024-10-26,Watford,Blackburn Rovers,5,4,6,3,D England
2024-10-26,West Bromwich Albion,Cardiff City,4,3,12,1,J Smith
2024-11-02,Blackburn Rovers,Sheffield United,1,2,5,8,O Langford
2024-11-02,Cardiff City,Norwich City,3,2,4,4,L Smith
2024-11-02,Hull City,Portsmouth,1,4,5,3,A Backhouse
2024-11-02,Leeds,Plymouth Argyle,0,0,9,0,D Webb
2024-11-01,Luton Town,West Bromwich Albion,1,2,6,3,D Whitestone
2024-11-02,Middlesbrough,Coventry City,4,3,6,8,T Bramall
2024-11-03,Millwall,Burnley,2,2,2,3,G Ward
2024-11-02,Oxford United,Swansea City,1,1,1,8,M Salisbury
2024-11-02,Preston North End,Bristol City,4,3,4,1,G Eltringham
2024-11-02,Queens Park Rangers,Sunderland,1,3,6,6,B Toner
2024-11-02,Sheffield Wednesday,Watford,3,3,6,2,S Allison
2024-11-02,Stoke City,Derby County,2,3,9,4,J Smith
2024-11-05,Bristol City,Sheffield United,1,2,2,4,J Busby
2024-11-06,Millwall,Leeds,2,1,2,12,L Doughty
2024-11-05,Oxford United,Hull City,2,1,2,6,W Finnie
2024-11-05,Plymouth Argyle,Portsmouth,4,2,5,6,J Bell
2024-11-05,Queens Park Rangers,Middlesbrough,0,3,8,5,O Langford
2024-11-05,Sheffield Wednesday,Norwich City,0,0,2,5,S Martin
2024-11-05,Swansea City,Watford,3,2,6,8,J Smith
2024-11-07,West Bromwich Albion,Burnley,3,3,2,8,T Nield
2024-11-06,Blackburn Rovers,Stoke City,1,2,9,4,A Davies
2024-11-06,Coventry City,Derby County,1,2,9,6,S Allison
2024-11-06,Luton Town,Cardiff City,2,1,6,6,M Donohue
2024-11-06,Preston North End,Sunderland,2,1,4,4,L Smith
2024-11-10,Burnley,Swansea City,1,3,5,1,D Webb
2024-11-09,Cardiff City,Blackburn Rovers,0,3,12,1,G Ward
2024-11-09,Derby County,Plymouth Argyle,1,4,8,3,S Hooper
2024-11-10,Hull City,West Bromwich Albion,1,2,4,3,A Kitchen
2024-11-09,Leeds,Queens Park Rangers,1,2,7,1,M Donohue
2024-11-09,Middlesbrough,Luton Town,1,4,1,1,T Harrington
2024-11-09,Norwich City,Bristol City,2,0,3,3,F Hallam
2024-11-09,Portsmouth,Preston North End,1,0,11,5,J Busby
2024-11-10,Sheffield United,Sheffield Wednesday,1,3,5,6,L Smith
2024-11-09,Stoke City,Millwall,2,2,9,2,W Finnie
2024-11-09,Sunderland,Coventry City,3,4,2,7,L Doughty
2024-11-08,Watford,Oxford United,5,2,11,4,A Backhouse
2025-01-15,Blackburn Rovers,Portsmouth,1,4,5,6,F Hallam
2024-11-23,Bristol City,Burnley,3,4,8,3,R Madley
2024-11-23,Coventry City,Sheffield United,4,3,12,2,D Bond
2024-11-23,Luton Town,Hull City,2,1,9,4,T Bramall
2024-11-23,Millwall,Sunderland,1,2,10,2,J Busby
2024-11-23,Oxford United,Middlesbrough,1,3,6,9,J Smith
2024-11-22,Plymouth Argyle,Watford,2,1,2,8,A Davies
2024-11-23,Preston North End,Derby County,2,2,7,3,D Webb
2024-11-23,Queens Park Rangers,Stoke City,3,2,10,4,G Ward
2024-11-23,Sheffield Wednesday,Cardiff City,0,1,6,2,A Kitchen
2024-11-24,Swansea City,Leeds,2,2,1,2,D Whitestone
2024-11-23,West Bromwich Albion,Norwich City,1,2,11,2,L Smith
2024-11-26,Burnley,Coventry City,1,1,6,2,A Backhouse
2024-11-26,Hull City,Sheffield Wednesday,2,2,4,6,O Langford
2024-11-27,Leeds,Luton Town,1,2,9,1,S Allison
2024-11-26,Norwich City,Plymouth Argyle,0,1,8,4,S Gill
2024-11-26,Sheffield United,Oxford United,1,1,7,7,L Doughty
2024-11-26,Stoke City,Preston North End,1,3,8,10,M Donohue
2024-11-26,Sunderland,West Bromwich Albion,0,0,13,2,R Madley
2024-11-26,Watford,Bristol City,2,2,3,6,J Linington
2024-11-27,Cardiff City,Queens Park Rangers,0,1,14,4,S Martin
2024-11-27,Derby County,Swansea City,3,1,6,2,B Toner
2024-11-27,Middlesbrough,Blackburn Rovers,1,0,5,3,J Bell
2025-01-28,Portsmouth,Millwall,0,2,7,3,D Whitestone
2024-11-30,Blackburn Rovers,Leeds,2,2,3,9,L Smith
2024-11-30,Bristol City,Plymouth Argyle,1,3,5,2,T Robinson
2024-11-30,Coventry City,Cardiff City,1,7,5,1,J Bell
2024-12-01,Derby County,Sheffield Wednesday,5,1,7,5,J Busby
2024-11-30,Middlesbrough,Hull City,1,2,7,6,S Martin
2024-11-30,Norwich City,Luton Town,1,2,6,5,J Smith
2024-11-30,Oxford United,Millwall,0,4,2,11,A Backhouse
2024-11-30,Preston North End,West Bromwich Albion,2,1,7,4,T Bramall
2024-11-29,Sheffield United,Sunderland,7,3,8,8,G Ward
2024-11-30,Stoke City,Burnley,2,0,6,4,O Langford
2024-11-30,Swansea City,Portsmouth,1,4,9,1,W Finnie
2024-11-30,Watford,Queens Park Rangers,2,3,7,5,A Kitchen
2024-12-06,Burnley,Middlesbrough,1,0,11,3,A Kitchen
2025-01-14,Cardiff City,Watford,1,2,7,3,O Langford
2024-12-07,Hull City,Blackburn Rovers,2,4,9,2,T Kirk
2024-12-07,Leeds,Derby County,0,1,10,2,M Donohue
2024-12-07,Luton Town,Swansea City,0,0,5,8,J Bell
2024-12-07,Millwall,Coventry City,2,1,7,8,T Bramall
2025-01-14,Plymouth Argyle,Oxford United,1,1,6,3,S Allison
2024-12-07,Portsmouth,Bristol City,3,3,6,7,S Gill
2024-12-07,Queens Park Rangers,Norwich City,5,2,2,9,A Backhouse
2024-12-07,Sheffield Wednesday,Preston North End,4,2,6,3,R Madley
2024-12-07,Sunderland,Stoke City,0,0,9,4,C Pawson
2024-12-08,West Bromwich Albion,Sheffield United,2,4,6,5,D Webb
2024-12-10,Burnley,Derby County,1,2,6,2,A Davies
2024-12-10,Leeds,Middlesbrough,1,2,7,4,B Toner
2024-12-10,Luton Town,Stoke City,1,2,10,4,T Nield
2024-12-11,Millwall,Sheffield United,0,2,7,3,M Donohue
2024-12-10,Plymouth Argyle,Swansea City,0,3,6,3,S Martin
2024-12-10,Portsmouth,Norwich City,3,5,8,3,A Kitchen
2024-12-10,Sheffield Wednesday,Blackburn Rovers,0,2,8,3,J Smith
2024-12-10,Sunderland,Bristol City,2,5,8,4,D Whitestone
2024-12-11,Cardiff City,Preston North End,2,5,7,2,J Linington
2024-12-11,Hull City,Watford,2,3,6,2,L Doughty
2024-12-11,Queens Park Rangers,Oxford United,2,2,0,4,A Herczeg
2024-12-11,West Bromwich Albion,Coventry City,1,1,9,9,J Busby
2024-12-14,Blackburn Rovers,Luton Town,3,3,4,4,M Salisbury
2024-12-14,Bristol City,Queens Park Rangers,1,2,10,3,L Smith
2024-12-14,Coventry City,Hull City,3,3,10,2,R Madley
2024-12-13,Derby County,Portsmouth,0,1,5,3,O Langford
2024-12-14,Middlesbrough,Millwall,2,2,3,4,G Eltringham
2024-12-15,Norwich City,Burnley,3,1,6,5,A Madley
2024-12-14,Oxford United,Sheffield Wednesday,0,1,7,11,S Martin
2024-12-14,Preston North End,Leeds,3,1,2,8,J Busby
2024-12-14,Sheffield United,Plymouth Argyle,0,2,2,3,F Hallam
2024-12-14,Stoke City,Cardiff City,4,1,4,4,J Smith
2024-12-14,Swansea City,Sunderland,1,4,2,4,A Davies
2024-12-15,Watford,West Bromwich Albion,2,3,4,5,G Ward
2024-12-21,Burnley,Watford,3,1,7,3,J Linington
2024-12-21,Cardiff City,Sheffield United,3,1,3,5,D Bond
2024-12-21,Hull City,Swansea City,3,2,3,5,T Bramall
2024-12-21,Leeds,Oxford United,0,1,5,0,J Bell
2024-12-20,Luton Town,Derby County,1,3,7,3,A Kitchen
2024-12-21,Millwall,Blackburn Rovers,0,2,6,4,D Webb
2024-12-21,Plymouth Argyle,Middlesbrough,2,2,3,6,W Finnie
2024-12-21,Portsmouth,Coventry City,1,0,10,2,D Whitestone
2024-12-21,Queens Park Rangers,Preston North End,1,3,5,1,M Donohue
2024-12-21,Sheffield Wednesday,Stoke City,5,2,6,6,S Allison
2024-12-21,Sunderland,Norwich City,5,6,4,2,L Doughty
2024-12-22,West Bromwich Albion,Bristol City,2,3,6,1,T Kirk
2024-12-26,Blackburn Rovers,Sunderland,2,3,5,4,R Madley
2024-12-26,Bristol City,Luton Town,2,1,5,3,P Bankes
2024-12-26,Coventry City,Plymouth Argyle,0,2,3,4,A Herczeg
2024-12-26,Derby County,West Bromwich Albion,1,1,5,3,J Gillett
2024-12-26,Middlesbrough,Sheffield Wednesday,3,2,1,9,A Backhouse
2024-12-26,Norwich City,Millwall,2,1,4,2,T Nield
2024-12-26,Oxford United,Cardiff City,1,1,3,0,G Ward
2024-12-26,Preston North End,Hull City,3,1,2,2,J Smith
2024-12-26,Sheffield United,Burnley,3,1,6,5,O Langford
2024-12-26,Stoke City,Leeds,4,0,1,7,S Martin
2024-12-26,Swansea City,Queens Park Rangers,2,3,3,3,B Toner
2024-12-26,Watford,Portsmouth,3,6,11,5,G Eltringham
2024-12-29,Blackburn Rovers,Hull City,3,0,8,3,D Whitestone
2024-12-29,Bristol City,Portsmouth,1,1,10,4,J Busby
2024-12-29,Coventry City,Millwall,0,1,5,5,A Kitchen
2024-12-29,Derby County,Leeds,1,1,2,9,A Davies
2024-12-29,Middlesbrough,Burnley,1,3,1,4,J Smith
2024-12-29,Norwich City,Queens Park Rangers,1,4,4,4,S Barrott
2024-12-29,Oxford United,Plymouth Argyle,0,2,9,6,D Webb
2024-12-29,Preston North End,Sheffield Wednesday,2,0,3,6,S Gill
2024-12-29,Sheffield United,West Bromwich Albion,3,2,2,2,S Attwell
2024-12-29,Stoke City,Sunderland,5,2,4,12,J Bell
2024-12-29,Swansea City,Luton Town,1,5,8,1,F Hallam
2024-12-29,Watford,Cardiff City,2,3,4,2,S Allison
2025-01-01,Burnley,Stoke City,2,4,6,2,G Ward
2025-01-01,Cardiff City,Coventry City,3,0,6,9,G Eltringham
2025-01-01,Hull City,Middlesbrough,2,1,3,7,L Doughty
2025-01-01,Leeds,Blackburn Rovers,2,4,8,3,O Langford
2025-01-01,Luton Town,Norwich City,1,1,9,5,J Gillett
2025-01-01,Millwall,Oxford United,0,1,3,4,R Ricardo
2025-01-01,Plymouth Argyle,Bristol City,1,1,1,6,T Robinson
2025-01-01,Portsmouth,Swansea City,1,0,6,6,J Linington
2025-01-01,Queens Park Rangers,Watford,4,4,2,6,S Martin
2025-01-01,Sheffield Wednesday,Derby County,1,2,4,11,L Smith
2025-01-01,Sunderland,Sheffield United,4,1,4,10,M Donohue
2025-01-01,West Bromwich Albion,Preston North End,1,4,3,5,R Madley
2025-01-04,Blackburn Rovers,Burnley,2,2,10,0,A Kitchen
2025-01-04,Bristol City,Derby County,3,1,6,7,W Finnie
2025-01-04,Hull City,Leeds,0,1,5,7,A Backhouse
2025-01-04,Middlesbrough,Cardiff City,2,3,4,4,T Nield
2025-01-04,Norwich City,Coventry City,1,2,9,1,J Bell
2025-01-04,Preston North End,Oxford United,3,3,4,2,B Toner
2025-01-06,Queens Park Rangers,Luton Town,1,1,3,4,A Davies
2025-01-04,Sheffield Wednesday,Millwall,1,3,4,2,R Jones
2025-01-04,Stoke City,Plymouth Argyle,1,2,6,3,D Whitestone
2025-01-05,Sunderland,Portsmouth,1,3,7,3,T Bramall
2025-01-04,Swansea City,West Bromwich Albion,2,4,5,6,S Allison
2025-01-04,Watford,Sheffield United,2,1,4,0,D Webb
2025-01-17,Burnley,Sunderland,2,2,5,4,A Backhouse
2025-01-18,Cardiff City,Swansea City,1,4,3,6,J Bell
2025-01-18,Coventry City,Bristol City,0,0,3,5,L Smith
2025-01-18,Derby County,Watford,1,3,4,8,A Herczeg
2025-01-19,Leeds,Sheffield Wednesday,1,2,9,6,D Webb
2025-01-18,Luton Town,Preston North End,3,2,3,1,T Robinson
2025-01-18,Millwall,Hull City,1,1,1,3,S Martin
2025-01-18,Oxford United,Blackburn Rovers,1,3,4,3,W Finnie
2025-01-18,Plymouth Argyle,Queens Park Rangers,1,3,8,6,D Bond
2025-01-18,Portsmouth,Middlesbrough,1,3,7,4,G Ward
2025-01-18,Sheffield United,Norwich City,1,2,7,6,J Smith
2025-01-18,West Bromwich Albion,Stoke City,2,0,12,0,J Linington
2025-01-21,Blackburn Rovers,Coventry City,0,1,4,4,O Langford
2025-01-21,Derby County,Sunderland,1,1,8,4,S Allison
2025-01-21,Hull City,Queens Park Rangers,3,1,4,3,B Speedie
2025-01-21,Middlesbrough,West Bromwich Albion,1,0,5,5,A Kitchen
2025-01-21,Millwall,Cardiff City,0,0,4,2,D Webb
2025-01-21,Oxford United,Luton Town,3,3,6,5,S Martin
2025-01-21,Swansea City,Sheffield United,4,4,1,2,D Whitestone
2025-01-21,Watford,Preston North End,0,2,4,2,T Nield
2025-01-22,Leeds,Norwich City,4,2,8,4,M Donohue
2025-01-22,Plymouth Argyle,Burnley,1,0,1,5,J Busby
2025-01-22,Portsmouth,Stoke City,2,5,7,1,J Smith
2025-01-22,Sheffield Wednesday,Bristol City,2,2,7,4,J Linington
2025-01-25,Bristol City,Blackburn Rovers,1,4,1,7,M Donohue
2025-01-27,Burnley,Leeds,0,3,1,5,J Smith
2025-01-25,Cardiff City,Derby County,2,1,5,10,D Whitestone
2025-01-25,Coventry City,Watford,3,4,5,3,M Coy
2025-01-25,Luton Town,Millwall,2,4,7,5,G Ward
2025-01-25,Norwich City,Swansea City,2,1,7,8,T Bramall
2025-01-25,Preston North End,Middlesbrough,3,1,6,4,J Busby
2025-01-25,Queens Park Rangers,Sheffield Wednesday,2,1,12,6,S Allison
2025-01-24,Sheffield United,Hull City,0,2,11,1,A Kitchen
2025-01-25,Stoke City,Oxford United,3,4,5,5,F Hallam
2025-01-25,Sunderland,Plymouth Argyle,1,4,7,2,O Langford
2025-01-25,West Bromwich Albion,Portsmouth,0,3,7,5,J Gillett
2025-01-31,Blackburn Rovers,Preston North End,1,1,7,3,J Smith
2025-02-01,Derby County,Sheffield United,1,1,2,2,T Nield
2025-02-01,Hull City,Stoke City,1,1,8,4,W Finnie
2025-02-01,Leeds,Cardiff City,0,2,14,1,M Salisbury
2025-02-03,Middlesbrough,Sunderland,2,3,1,5,S Martin
2025-02-01,Millwall,Queens Park Rangers,1,2,2,11,J Busby
2025-02-01,Oxford United,Bristol City,4,6,5,3,O Langford
2025-02-01,Plymouth Argyle,West Bromwich Albion,0,1,2,5,D Whitestone
2025-02-01,Portsmouth,Burnley,3,1,3,3,D Webb
2025-02-01,Sheffield Wednesday,Luton Town,1,1,9,5,B Toner
2025-02-01,Swansea City,Coventry City,2,0,8,2,S Allison
2025-02-01,Watford,Norwich City,4,0,3,6,L Smith
2025-02-09,Bristol City,Swansea City,0,0,11,3,J Busby
2025-02-04,Burnley,Oxford United,2,2,12,3,J Bell
2025-02-25,Cardiff City,Hull City,2,2,5,3,T Kirk
2025-02-05,Coventry City,Leeds,2,1,3,8,D Whitestone
2025-02-19,Luton Town,Plymouth Argyle,0,2,10,2,J Linington
2025-02-08,Norwich City,Derby County,2,2,2,4,R Ricardo
2025-02-18,Preston North End,Millwall,0,4,7,4,M Donohue
2025-02-04,Queens Park Rangers,Blackburn Rovers,0,0,11,2,J Linington
2025-02-08,Sheffield United,Portsmouth,4,1,5,5,O Langford
2025-02-25,Stoke City,Middlesbrough,2,2,5,1,A Davies
2025-02-08,Sunderland,Watford,4,2,7,3,R Jones
2025-02-08,West Bromwich Albion,Sheffield Wednesday,3,3,12,2,T Nield
2025-02-12,Bristol City,Stoke City,2,2,2,1,J Bell
2025-02-11,Coventry City,Queens Park Rangers,3,2,10,9,W Finnie
2025-02-11,Derby County,Oxford United,1,0,3,4,S Martin
2025-02-11,Norwich City,Preston North End,2,3,8,3,G Ward
2025-02-12,Plymouth Argyle,Millwall,1,0,2,6,J Simpson
2025-02-11,Portsmouth,Cardiff City,2,2,10,4,T Nield
2025-02-12,Swansea City,Sheffield Wednesday,0,2,1,7,E Bell
2025-02-11,Watford,Leeds,0,0,7,7,O Langford
2025-02-12,Burnley,Hull City,0,1,9,3,S Allison
2025-02-12,Sheffield United,Middlesbrough,2,3,10,4,M Donohue
2025-02-12,Sunderland,Luton Town,0,2,6,1,J Busby
2025-02-12,West Bromwich Albion,Blackburn Rovers,0,1,11,1,D Webb
2025-02-15,Blackburn Rovers,Plymouth Argyle,0,2,6,3,S Allison
2025-02-15,Cardiff City,Bristol City,2,2,4,5,T Harrington
2025-02-15,Hull City,Norwich City,1,2,5,3,B Toner
2025-02-17,Leeds,Sunderland,3,6,10,0,S Attwell
2025-02-15,Luton Town,Sheffield United,1,3,5,3,L Smith
2025-02-15,Middlesbrough,Watford,2,2,8,5,A Herczeg
2025-02-15,Millwall,West Bromwich Albion,1,2,5,2,J Bell
2025-02-15,Oxford United,Portsmouth,0,2,4,5,W Finnie
2025-02-15,Preston North End,Burnley,2,3,2,6,A Kitchen
2025-02-14,Queens Park Rangers,Derby County,0,2,2,3,D Webb
2025-02-15,Sheffield Wednesday,Coventry City,0,1,10,1,J Smith
2025-02-15,Stoke City,Swansea City,3,1,1,6,D Whitestone
2025-02-21,Bristol City,Middlesbrough,0,2,4,1,T Nield
2025-02-21,Burnley,Sheffield Wednesday,3,4,3,9,S Martin
2025-02-22,Coventry City,Preston North End,0,1,10,3,O Langford
2025-02-22,Derby County,Millwall,2,0,4,4,E Bell
2025-02-22,Norwich City,Stoke City,0,1,4,4,J Busby
2025-02-22,Plymouth Argyle,Cardiff City,4,4,0,6,J Bell
2025-02-22,Portsmouth,Queens Park Rangers,3,2,5,1,T Bramall
2025-02-24,Sheffield United,Leeds,1,1,3,5,D Webb
2025-02-22,Sunderland,Hull City,0,3,5,3,F Hallam
2025-02-22,Swansea City,Blackburn Rovers,0,3,5,7,G Ward
2025-02-23,Watford,Luton Town,2,2,4,6,A Kitchen
2025-02-22,West Bromwich Albion,Oxford United,2,3,13,2,S Allison
2025-03-01,Blackburn Rovers,Norwich City,3,1,5,2,L Doughty
2025-03-04,Cardiff City,Burnley,0,3,5,6,J Linington
2025-03-04,Hull City,Plymouth Argyle,1,3,7,4,A Davies
2025-03-01,Leeds,West Bromwich Albion,0,0,10,3,F Hallam
2025-03-01,Luton Town,Portsmouth,2,4,2,7,S Allison
2025-03-01,Middlesbrough,Derby County,1,2,5,3,G Ward
2025-03-04,Millwall,Bristol City,0,0,4,6,M Donohue
2025-03-01,Oxford United,Coventry City,3,3,3,11,J Simpson
2025-03-04,Preston North End,Swansea City,0,0,6,1,S Martin
2025-03-01,Queens Park Rangers,Sheffield United,3,3,6,2,T Kirk
2025-02-28,Sheffield Wednesday,Sunderland,1,1,5,9,W Finnie
2025-03-01,Stoke City,Watford,1,2,4,5,T Nield
2025-03-08,Bristol City,Hull City,1,4,14,1,J Linington
2025-03-08,Burnley,Luton Town,3,5,6,4,T Nield
2025-03-08,Coventry City,Stoke City,1,3,7,5,D Webb
2025-03-08,Derby County,Blackburn Rovers,3,3,2,4,A Kitchen
2025-03-07,Norwich City,Oxford United,0,2,12,1,J Bell
2025-03-08,Plymouth Argyle,Sheffield Wednesday,3,5,2,2,O Langford
2025-03-09,Portsmouth,Leeds,2,0,7,6,R Jones
2025-03-08,Sheffield United,Preston North End,1,4,8,3,J Busby
2025-03-08,Sunderland,Cardiff City,1,2,4,3,D Bond
2025-03-08,Swansea City,Middlesbrough,1,1,5,6,R Ricardo
2025-03-08,Watford,Millwall,0,1,11,4,G Ward
2025-03-08,West Bromwich Albion,Queens Park Rangers,5,4,3,4,A Herczeg
2025-03-11,Burnley,West Bromwich Albion,1,2,6,2,G Ward
2025-03-11,Cardiff City,Luton Town,1,1,4,3,A Davies
2025-03-11,Derby County,Coventry City,2,1,4,8,S Allison
2025-03-11,Middlesbrough,Queens Park Rangers,0,0,4,4,D Webb
2025-03-12,Portsmouth,Plymouth Argyle,2,4,7,0,M Donohue
2025-03-12,Stoke City,Blackburn Rovers,2,2,3,4,F Hallam
2025-03-11,Sunderland,Preston North End,1,3,7,2,L Smith
2025-03-12,Hull City,Oxford United,5,2,4,6,J Smith
2025-03-12,Leeds,Millwall,0,0,4,3,D Whitestone
2025-03-11,Norwich City,Sheffield Wednesday,0,4,9,3,B Speedie
2025-03-11,Sheffield United,Bristol City,1,3,5,4,S Martin
2025-03-12,Watford,Swansea City,3,2,1,6,J Simpson
2025-03-15,Blackburn Rovers,Cardiff City,0,1,3,1,A Herczeg
2025-03-14,Bristol City,Norwich City,4,1,5,3,S Allison
2025-03-15,Coventry City,Sunderland,1,2,6,1,D Whitestone
2025-03-15,Luton Town,Middlesbrough,2,3,9,2,F Hallam
2025-03-15,Millwall,Stoke City,2,6,7,5,A Davies
2025-03-15,Oxford United,Watford,2,4,4,5,R Madley
2025-03-15,Plymouth Argyle,Derby County,0,3,7,3,J Busby
2025-03-15,Preston North End,Portsmouth,4,1,6,5,T Harrington
2025-03-15,Queens Park Rangers,Leeds,4,2,1,8,T Robinson
2025-03-16,Sheffield Wednesday,Sheffield United,3,3,7,2,A Kitchen
2025-03-15,Swansea City,Burnley,1,0,4,4,O Langford
2025-03-15,West Bromwich Albion,Hull City,1,5,6,5,J Simpson
2025-03-29,Burnley,Bristol City,0,0,7,2,A Kitchen
2025-03-29,Cardiff City,Sheffield Wednesday,2,1,9,1,S Allison
2025-04-02,Derby County,Preston North End,1,2,4,3,S Martin
2025-03-29,Hull City,Luton Town,0,0,10,4,D Bond
2025-03-29,Leeds,Swansea City,3,4,5,4,B Toner
2025-03-29,Middlesbrough,Oxford United,0,2,11,5,M Donohue
2025-03-29,Norwich City,West Bromwich Albion,1,0,3,6,D Webb
2025-03-29,Portsmouth,Blackburn Rovers,4,2,2,5,J Simpson
2025-03-28,Sheffield United,Coventry City,1,2,8,2,O Langford
2025-03-29,Stoke City,Queens Park Rangers,1,3,3,2,T Harrington
2025-03-29,Sunderland,Millwall,4,3,6,1,R Madley
2025-03-29,Watford,Plymouth Argyle,1,3,14,5,R Ricardo
2025-04-04,Blackburn Rovers,Middlesbrough,2,0,4,2,J Busby
2025-04-05,Bristol City,Watford,1,1,2,2,D Bond
2025-04-05,Coventry City,Burnley,2,4,1,5,J Bell
2025-04-05,Luton Town,Leeds,1,2,0,5,T Bramall
2025-04-05,Millwall,Portsmouth,0,4,11,4,B Toner
2025-04-05,Oxford United,Sheffield United,2,3,2,10,J Linington
2025-04-05,Plymouth Argyle,Norwich City,0,0,2,5,G Ward
2025-04-05,Preston North End,Stoke City,4,3,1,9,F Hallam
2025-04-05,Queens Park Rangers,Cardiff City,1,1,7,4,D Whitestone
2025-04-05,Sheffield Wednesday,Hull City,2,1,5,3,O Langford
2025-04-05,Swansea City,Derby County,0,2,4,3,A Davies
2025-04-05,West Bromwich Albion,Sunderland,2,3,6,6,T Nield
2025-04-08,Blackburn Rovers,Sheffield Wednesday,3,4,8,4,W Finnie
2025-04-08,Bristol City,West Bromwich Albion,2,2,4,5,M Donohue
2025-04-08,Middlesbrough,Leeds,1,1,4,4,A Kitchen
2025-04-08,Norwich City,Sunderland,2,4,4,4,J Simpson
2025-04-08,Preston North End,Cardiff City,0,2,4,6,D Webb
2025-04-08,Sheffield United,Millwall,0,1,11,4,S Allison
2025-04-08,Stoke City,Luton Town,2,2,4,6,D Whitestone
2025-04-08,Watford,Hull City,3,0,7,3,J Bell
2025-04-09,Coventry City,Portsmouth,1,3,5,4,G Ward
2025-04-08,Derby County,Burnley,2,0,8,4,R Madley
2025-04-09,Oxford United,Queens Park Rangers,2,3,7,7,E Bell
2025-04-09,Swansea City,Plymouth Argyle,0,2,3,1,S Martin
2025-04-11,Burnley,Norwich City,2,2,5,5,T Harrington
2025-04-12,Cardiff City,Stoke City,1,3,3,3,M Salisbury
2025-04-14,Hull City,Coventry City,0,1,7,7,A Kitchen
2025-04-12,Leeds,Preston North End,2,1,6,5,J Busby
2025-04-12,Luton Town,Blackburn Rovers,1,6,9,2,D Webb
2025-04-12,Millwall,Middlesbrough,1,0,2,4,T Nield
2025-04-12,Plymouth Argyle,Sheffield United,1,1,3,9,O Langford
2025-04-12,Portsmouth,Derby County,5,4,6,3,R Ricardo
2025-04-12,Queens Park Rangers,Bristol City,2,1,3,6,L Doughty
2025-04-12,Sheffield Wednesday,Oxford United,1,2,4,5,A Davies
2025-04-12,Sunderland,Swansea City,2,3,4,1,F Hallam
2025-04-12,West Bromwich Albion,Watford,4,2,3,6,A Madley
2025-04-18,Blackburn Rovers,Millwall,0,1,8,6,L Smith
2025-04-18,Bristol City,Sunderland,1,4,5,2,O Langford
2025-04-18,Coventry City,West Bromwich Albion,3,3,5,5,C Pawson
2025-04-18,Derby County,Luton Town,2,2,9,4,J Linington
2025-04-18,Middlesbrough,Plymouth Argyle,0,4,11,1,A Backhouse
2025-04-18,Norwich City,Portsmouth,1,3,6,5,T Kirk
2025-04-18,Oxford United,Leeds,4,2,2,5,D Whitestone
2025-04-18,Preston North End,Queens Park Rangers,1,2,4,4,J Simpson
2025-04-18,Sheffield United,Cardiff City,1,1,6,1,T Harrington
2025-04-18,Stoke City,Sheffield Wednesday,2,2,2,4,S Martin
2025-04-18,Swansea City,Hull City,2,5,4,7,B Toner
2025-04-18,Watford,Burnley,9,4,4,1,M Donohue
2025-04-21,Burnley,Sheffield United,1,3,3,4,D Webb
2025-04-21,Cardiff City,Oxford United,1,3,4,0,F Hallam
2025-04-21,Hull City,Preston North End,0,4,9,6,T Bramall
2025-04-21,Leeds,Stoke City,1,0,5,1,D Bond
2025-04-21,Luton Town,Bristol City,0,3,3,4,J Busby
2025-04-21,Millwall,Norwich City,1,3,5,4,E Bell
2025-04-21,Plymouth Argyle,Coventry City,1,1,3,4,A Davies
2025-04-21,Portsmouth,Watford,4,4,6,3,S Allison
2025-04-21,Queens Park Rangers,Swansea City,1,1,5,3,J Simpson
2025-04-21,Sheffield Wednesday,Middlesbrough,3,4,5,6,R Madley
2025-04-21,Sunderland,Blackburn Rovers,1,2,10,2,J Bell
2025-04-21,West Bromwich Albion,Derby County,1,2,4,3,G Ward
2025-04-26,Blackburn Rovers,Watford,5,5,4,6,E Bell
2025-04-26,Cardiff City,West Bromwich Albion,1,0,9,5,A Kitchen
2025-04-26,Hull City,Derby County,1,2,5,3,S Martin
2025-04-28,Leeds,Bristol City,1,0,11,1,J Bell
2025-04-26,Luton Town,Coventry City,4,6,18,2,O Langford
2025-04-26,Middlesbrough,Norwich City,1,2,10,3,D Whitestone
2025-04-26,Millwall,Swansea City,1,1,4,7,B Speedie
2025-04-26,Oxford United,Sunderland,3,1,3,6,T Robinson
2025-04-26,Preston North End,Plymouth Argyle,2,3,9,2,M Donohue
2025-04-26,Queens Park Rangers,Burnley,4,2,2,6,J Linington
2025-04-26,Sheffield Wednesday,Portsmouth,1,2,5,5,L Doughty
2025-04-25,Stoke City,Sheffield United,3,2,8,3,J Gillett
2025-05-03,Bristol City,Preston North End,2,4,7,3,J Linington
2025-05-03,Burnley,Millwall,1,0,7,4,A Kitchen
2025-05-03,Coventry City,Middlesbrough,3,1,5,4,S Attwell
2025-05-03,Derby County,Stoke City,2,1,5,4,O Langford
2025-05-03,Norwich City,Cardiff City,3,3,6,9,W Finnie
2025-05-03,Plymouth Argyle,Leeds,2,2,1,7,J Simpson
2025-05-03,Portsmouth,Hull City,0,2,5,5,J Busby
2025-05-03,Sheffield United,Blackburn Rovers,2,0,8,4,F Hallam
2025-05-03,Sunderland,Queens Park Rangers,2,3,11,1,A Backhouse
2025-05-03,Swansea City,Oxford United,0,2,5,4,J Bell
2025-05-03,Watford,Sheffield Wednesday,0,1,8,2,S Martin
2025-05-03,West Bromwich Albion,Luton Town,2,2,6,4,D Bond
2025-05-08,Bristol City,Sheffield United,1,1,2,5,O Langford
2025-05-12,Sheffield United,Bristol City,0,1,5,4,P Bankes
2025-05-09,Coventry City,Sunderland,3,1,10,4,J Busby
2025-05-24,Sheffield United,Sunderland,2,3,1,6,C Kavanagh
2025-08-08,Birmingham City,Ipswich Town,2,3,1,4,A Kitchen
2025-08-09,Charlton Athletic,Watford,1,2,3,2,S Martin
2025-08-09,Coventry City,Hull City,3,3,8,2,R Madley
2025-08-09,Southampton,Wrexham,2,2,7,3,J Bell
2025-08-09,Middlesbrough,Swansea City,2,5,7,2,F Hallam
2025-08-09,Norwich City,Millwall,1,4,6,5,A Herczeg
2025-08-09,Oxford United,Portsmouth,1,2,8,4,D Whitestone
2025-08-09,Queens Park Rangers,Preston North End,0,3,5,4,O Langford
2025-08-09,Stoke City,Derby County,1,2,7,3,E Bell
2025-08-09,West Bromwich Albion,Blackburn Rovers,5,0,3,7,D Webb
2025-08-09,Sheffield United,Bristol City,0,0,14,3,J Smith
2025-08-10,Leicester City,Sheffield Wednesday,0,3,13,3,M Donohue
2025-08-16,Blackburn Rovers,Birmingham City,1,2,3,5,O Langford
2025-08-16,Bristol City,Charlton Athletic,0,1,4,6,B Speedie
2025-08-16,Derby County,Coventry City,2,5,6,5,A Backhouse
2025-08-17,Hull City,Oxford United,1,1,10,4,A Kitchen
2025-08-17,Ipswich Town,Southampton,2,2,4,5,R Madley
2025-08-16,Millwall,Middlesbrough,4,5,5,10,T Nield
2025-08-16,Portsmouth,Norwich City,3,3,9,0,S Martin
2025-08-16,Preston North End,Leicester City,2,0,6,4,G Ward
2025-08-16,Sheffield Wednesday,Stoke City,0,3,6,7,L Smith
2025-08-16,Swansea City,Sheffield United,1,3,4,8,T Kirk
2025-08-16,Watford,Queens Park Rangers,2,2,2,4,T Harrington
2025-08-16,Wrexham,West Bromwich Albion,2,0,5,5,J Busby
2025-08-23,Birmingham City,Oxford United,0,0,4,1,R Jones
2025-08-23,Charlton Athletic,Leicester City,2,1,13,4,D Whitestone
2025-08-23,Coventry City,Queens Park Rangers,1,2,9,4,A Herczeg
2025-08-22,Derby County,Bristol City,3,0,4,5,D Webb
2025-08-23,Hull City,Blackburn Rovers,3,3,2,1,T Nield
2025-08-23,Norwich City,Middlesbrough,1,3,5,3,L Doughty
2025-08-23,Preston North End,Ipswich Town,6,2,3,6,M Donohue
2025-08-23,Sheffield United,Millwall,5,2,8,7,J Busby
2025-08-23,Southampton,Stoke City,1,6,7,3,J Smith
2025-08-23,Swansea City,Watford,3,5,7,2,S Martin
2025-08-23,West Bromwich Albion,Portsmouth,2,5,2,3,E Bell
2025-08-23,Wrexham,Sheffield Wednesday,0,0,3,9,F Hallam
2025-08-30,Blackburn Rovers,Norwich City,3,0,3,9,B Speedie
2025-08-30,Bristol City,Hull City,1,1,8,5,G Ward
2025-08-30,Ipswich Town,Derby County,2,7,6,3,L Doughty
2025-08-29,Leicester City,Birmingham City,3,3,1,7,J Smith
2025-08-30,Middlesbrough,Sheffield United,0,3,5,8,L Smith
2025-08-30,Millwall,Wrexham,1,3,5,2,T Kirk
2025-08-30,Oxford United,Coventry City,1,2,0,5,R Ricardo
2025-08-30,Portsmouth,Preston North End,1,2,6,4,T Harrington
2025-08-30,Queens Park Rangers,Charlton Athletic,2,2,1,2,A Kitchen
2025-08-30,Sheffield Wednesday,Swansea City,0,2,2,7,A Backhouse
2025-08-30,Stoke City,West Bromwich Albion,2,2,5,5,M Donohue
2025-08-30,Watford,Southampton,2,5,4,5,F Hallam
2025-09-13,Charlton Athletic,Millwall,4,1,3,4,R Madley
2025-09-13,Coventry City,Norwich City,2,6,11,2,G Ward
2025-09-12,Ipswich Town,Sheffield United,0,2,3,5,F Hallam
2025-09-13,Oxford United,Leicester City,1,3,4,4,B Toner
2025-09-13,Preston North End,Middlesbrough,1,3,3,4,T Kirk
2025-09-13,Sheffield Wednesday,Bristol City,2,0,4,1,T Nield
2025-09-14,Southampton,Portsmouth,4,2,7,5,M Donohue
2025-09-13,Stoke City,Birmingham City,3,1,5,3,M Salisbury
2025-09-13,Swansea City,Hull City,1,1,5,2,D Webb
2025-09-13,Watford,Blackburn Rovers,1,2,5,7,D Whitestone
2025-09-13,West Bromwich Albion,Derby County,1,2,11,0,R Ricardo
2025-09-13,Wrexham,Queens Park Rangers,1,0,12,9,B Speedie
2025-09-20,Birmingham City,Swansea City,5,4,7,2,J Busby
2025-09-21,Bristol City,Oxford United,4,1,8,5,J Brooks
2025-09-20,Derby County,Preston North End,2,2,3,4,L Smith
2025-09-20,Hull City,Southampton,5,3,1,6,A Backhouse
2025-09-20,Leicester City,Coventry City,0,3,10,3,O Langford
2025-09-19,Middlesbrough,West Bromwich Albion,0,0,2,3,A Kitchen
2025-09-22,Millwall,Watford,1,0,7,4,J Smith
2025-09-20,Norwich City,Wrexham,1,3,2,3,D Webb
2025-09-20,Portsmouth,Sheffield Wednesday,1,4,11,5,R Ricardo
2025-09-20,Queens Park Rangers,Stoke City,5,3,3,6,T Robinson
2025-09-20,Sheffield United,Charlton Athletic,1,3,6,1,B Toner
2025-09-27,Charlton Athletic,Blackburn Rovers,4,2,3,3,A Backhouse
2025-09-27,Coventry City,Birmingham City,1,5,3,4,T Kirk
2025-09-27,Ipswich Town,Portsmouth,1,2,5,4,A Kitchen
2025-09-27,Oxford United,Sheffield United,1,1,3,5,B Speedie
2025-09-27,Preston North End,Bristol City,4,1,2,8,R Madley
2025-09-27,Sheffield Wednesday,Queens Park Rangers,2,2,5,4,J Brooks
2025-09-27,Southampton,Middlesbrough,1,6,6,3,F Hallam
2025-09-27,Stoke City,Norwich City,0,3,12,1,E Bell
2025-09-27,Swansea City,Millwall,1,2,6,4,D Whitestone
2025-09-27,Watford,Hull City,1,5,6,6,O Langford
2025-09-26,West Bromwich Albion,Leicester City,2,5,3,3,S Martin
2025-09-27,Wrexham,Derby County,1,5,4,3,T Nield
2025-09-30,Birmingham City,Sheffield Wednesday,3,2,10,4,M Donohue
2025-09-30,Blackburn Rovers,Swansea City,3,2,7,3,L Doughty
2025-09-30,Bristol City,Ipswich Town,4,2,3,6,J Busby
2025-09-30,Derby County,Charlton Athletic,2,0,5,2,G Ward
2025-09-30,Hull City,Preston North End,0,1,5,3,J Smith
2025-09-30,Leicester City,Wrexham,3,1,7,1,E Bell
2025-09-30,Middlesbrough,Stoke City,2,0,5,8,D Webb
2025-09-30,Sheffield United,Southampton,3,4,4,5,A Herczeg
2025-10-01,Millwall,Coventry City,2,2,3,3,L Smith
2025-10-01,Norwich City,West Bromwich Albion,1,4,4,3,S Allison
2025-10-01,Portsmouth,Watford,2,5,3,3,B Toner
2025-10-01,Queens Park Rangers,Oxford United,3,1,9,1,R Ricardo
2025-10-04,Blackburn Rovers,Stoke City,2,1,7,6,R Ricardo
2025-10-04,Bristol City,Queens Park Rangers,5,1,4,1,E Duckworth
2025-10-04,Derby County,Southampton,4,2,3,5,O Langford
2025-10-04,Hull City,Sheffield United,2,2,4,9,G Ward
2025-10-05,Ipswich Town,Norwich City,1,3,8,8,T Kirk
2025-10-04,Millwall,West Bromwich Albion,1,2,4,5,T Robinson
2025-10-04,Portsmouth,Middlesbrough,2,1,2,8,A Backhouse
2025-10-04,Preston North End,Charlton Athletic,0,2,3,4,J Linington
2025-10-04,Sheffield Wednesday,Coventry City,1,1,13,8,A Herczeg
2025-10-04,Swansea City,Leicester City,2,1,2,5,T Kirk
2025-10-04,Watford,Oxford United,3,4,9,3,L Smith
2025-10-03,Wrexham,Birmingham City,0,2,5,5,R Madley
2025-10-18,Birmingham City,Hull City,5,7,9,7,R Ricardo
2025-10-18,Charlton Athletic,Sheffield Wednesday,1,3,2,4,T Reeves
2025-10-18,Coventry City,Blackburn Rovers,0,2,2,7,S Allison
2025-10-18,Leicester City,Portsmouth,1,2,14,4,F Hallam
2025-10-17,Middlesbrough,Ipswich Town,3,1,5,9,M Donohue
2025-10-18,Norwich City,Bristol City,2,3,3,9,T Nield
2025-10-18,Oxford United,Derby County,4,1,4,12,J Bell
2025-10-18,Queens Park Rangers,Millwall,2,4,8,3,A Herczeg
2025-10-18,Sheffield United,Watford,0,1,7,3,R Madley
2025-10-18,Southampton,Swansea City,0,4,5,3,J Smith
2025-10-18,Stoke City,Wrexham,2,0,6,4,T Bramall
2025-10-18,West Bromwich Albion,Preston North End,2,1,8,4,A Kitchen
2025-10-21,Blackburn Rovers,Sheffield United,1,1,5,5,D Webb
2025-10-21,Bristol City,Southampton,1,2,2,3,A Backhouse
2025-10-21,Derby County,Norwich City,2,1,5,13,B Toner
2025-10-21,Hull City,Leicester City,1,2,1,7,M Donohue
2025-10-21,Ipswich Town,Charlton Athletic,0,3,16,3,F Hallam
2025-10-21,Millwall,Stoke City,2,1,3,2,J Linington
2025-10-21,Portsmouth,Coventry City,1,1,6,5,G Ward
2025-10-21,Preston North End,Birmingham City,2,5,9,3,L Smith
2025-10-22,Sheffield Wednesday,Middlesbrough,3,1,6,5,T Kirk
2025-10-22,Swansea City,Queens Park Rangers,2,4,6,3,J Busby
2025-10-22,Watford,West Bromwich Albion,0,2,4,4,L Doughty
2025-10-22,Wrexham,Oxford United,4,1,6,3,E Bell
2025-10-25,Blackburn Rovers,Southampton,2,2,6,5,R Madley
2025-10-25,Bristol City,Birmingham City,2,1,0,6,J Linington
2025-10-25,Coventry City,Watford,3,3,5,6,D Whitestone
2025-10-25,Derby County,Queens Park Rangers,2,2,5,2,E Bell
2025-10-25,Hull City,Charlton Athletic,2,1,6,2,A Kitchen
2025-10-25,Ipswich Town,West Bromwich Albion,1,1,4,5,J Smith
2025-10-25,Middlesbrough,Wrexham,0,5,4,4,S Martin
2025-10-25,Millwall,Leicester City,1,2,5,9,J Bell
2025-10-25,Portsmouth,Stoke City,2,3,6,2,T Kirk
2025-10-24,Preston North End,Sheffield United,4,1,2,4,F Hallam
2025-10-25,Sheffield Wednesday,Oxford United,0,0,8,3,P Tierney
2025-10-25,Swansea City,Norwich City,3,1,2,3,A Herczeg
2025-11-01,Birmingham City,Portsmouth,1,2,9,5,A Kitchen
2025-11-01,Charlton Athletic,Swansea City,0,0,4,7,D Webb
2025-11-01,Leicester City,Blackburn Rovers,0,1,6,4,T Nield
2025-11-01,Norwich City,Hull City,1,2,6,4,J Smith
2025-11-01,Oxford United,Millwall,0,1,5,8,F Hallam
2025-11-01,Queens Park Rangers,Ipswich Town,4,0,3,2,S Allison
2025-11-01,Sheffield United,Derby County,2,1,9,4,M Salisbury
2025-11-01,Southampton,Preston North End,1,3,8,2,M Donohue
2025-11-01,Stoke City,Bristol City,3,0,4,10,J Bell
2025-11-01,Watford,Middlesbrough,2,1,1,7,J Busby
2025-11-01,West Bromwich Albion,Sheffield Wednesday,1,1,8,3,B Toner
2025-10-31,Wrexham,Coventry City,2,1,3,6,A Backhouse
2025-11-04,Birmingham City,Millwall,0,0,2,3,G Ward
2025-11-04,Bristol City,Blackburn Rovers,0,3,6,3,D Whitestone
2025-11-04,Charlton Athletic,West Bromwich Albion,0,0,4,3,L Smith
2025-11-04,Coventry City,Sheffield United,3,2,6,13,J Linington
2025-11-04,Derby County,Hull City,1,0,6,5,S Martin
2025-11-04,Ipswich Town,Watford,1,2,2,5,D Webb
2025-11-04,Leicester City,Middlesbrough,6,2,3,6,A Herczeg
2025-11-04,Oxford United,Stoke City,1,3,10,7,L Doughty
2025-11-05,Portsmouth,Wrexham,3,3,10,3,R Madley
2025-11-05,Preston North End,Swansea City,3,1,2,8,A Backhouse
2025-11-05,Queens Park Rangers,Southampton,1,3,12,1,J Bell
2025-11-05,Sheffield Wednesday,Norwich City,0,4,9,4,E Duckworth
2025-11-08,Blackburn Rovers,Derby County,1,3,13,3,T Kirk
2025-11-08,Hull City,Portsmouth,1,3,5,5,T Nield
2025-11-08,Middlesbrough,Birmingham City,1,1,3,5,S Allison
2025-11-08,Millwall,Preston North End,2,2,10,6,S Martin
2025-11-08,Norwich City,Leicester City,1,1,6,3,D Whitestone
2025-11-08,Sheffield United,Queens Park Rangers,0,2,14,5,L Smith
2025-11-08,Southampton,Sheffield Wednesday,2,2,4,5,R Ricardo
2025-11-08,Stoke City,Coventry City,3,4,3,6,J Busby
2025-11-08,Swansea City,Ipswich Town,5,3,4,5,E Duckworth
2025-11-07,Watford,Bristol City,2,1,6,4,P Tierney
2025-11-08,West Bromwich Albion,Oxford United,0,0,11,5,J Miles
2025-11-08,Wrexham,Charlton Athletic,1,4,8,2,L Doughty
2025-11-22,Birmingham City,Norwich City,1,2,3,8,A Backhouse
2025-11-22,Bristol City,Swansea City,2,0,5,6,J Smith
2025-11-22,Charlton Athletic,Southampton,4,0,3,4,S Martin
2025-11-22,Coventry City,West Bromwich Albion,2,4,8,1,A Kitchen
2025-11-22,Derby County,Watford,2,2,9,3,G Ward
2025-11-22,Ipswich Town,Wrexham,2,3,5,2,D Whitestone
2025-11-22,Leicester City,Stoke City,6,2,0,10,M Donohue
2025-11-22,Oxford United,Middlesbrough,3,3,1,8,B Toner
2025-11-22,Portsmouth,Millwall,2,2,3,4,M Salisbury
2025-11-21,Preston North End,Blackburn Rovers,1,0,3,7,P Tierney
2025-11-22,Queens Park Rangers,Hull City,0,1,9,5,J Linington
2025-11-23,Sheffield Wednesday,Sheffield United,3,0,4,7,D Webb
2025-11-25,Hull City,Ipswich Town,2,2,3,6,L Smith
2025-11-25,Middlesbrough,Coventry City,0,0,8,3,D Webb
2025-11-26,Millwall,Sheffield Wednesday,0,3,9,5,J Miles
2025-11-26,Sheffield United,Portsmouth,0,2,7,2,L Doughty
2025-11-25,Southampton,Leicester City,1,3,11,3,G Ward
2025-11-25,Stoke City,Charlton Athletic,1,1,5,0,T Nield
2025-11-25,Swansea City,Derby County,0,2,4,2,A Kitchen
2025-11-25,Watford,Preston North End,2,4,6,2,J Bell
2025-11-26,Blackburn Rovers,Queens Park Rangers,3,0,6,4,A Herczeg
2025-11-25,Norwich City,Oxford United,1,0,8,4,T Reeves
2025-11-26,West Bromwich Albion,Birmingham City,1,2,3,3,T Kirk
2025-11-26,Wrexham,Bristol City,1,2,2,4,R Ricardo
2025-12-01,Birmingham City,Watford,3,2,6,6,A Herczeg
2025-11-29,Coventry City,Charlton Athletic,1,1,6,3,D Webb
2025-11-29,Leicester City,Sheffield United,2,1,4,9,A Backhouse
2025-11-29,Middlesbrough,Derby County,0,2,9,8,J Linington
2025-11-29,Millwall,Southampton,1,2,9,6,B Toner
2025-11-29,Norwich City,Queens Park Rangers,2,2,9,6,L Smith
2025-11-28,Oxford United,Ipswich Town,0,0,3,6,M Donohue
2025-11-29,Portsmouth,Bristol City,3,0,4,4,S Allison
2025-11-29,Sheffield Wednesday,Preston North End,1,1,3,3,O Langford
2025-11-29,Stoke City,Hull City,2,4,7,8,J Smith
2025-11-29,West Bromwich Albion,Swansea City,1,2,7,1,T Nield
2025-11-29,Wrexham,Blackburn Rovers,1,3,7,7,T Reeves
2026-02-03,Blackburn Rovers,Sheffield Wednesday,4,2,8,2,D Whitestone
2025-12-06,Bristol City,Millwall,1,5,8,1,E Duckworth
2026-02-17,Charlton Athletic,Portsmouth,7,2,3,2,L Doughty
2025-12-06,Derby County,Leicester City,3,2,6,3,J Smith
2025-12-05,Hull City,Middlesbrough,1,0,2,5,D Whitestone
2025-12-06,Ipswich Town,Coventry City,5,2,2,5,P Tierney
2025-12-06,Preston North End,Wrexham,1,1,16,2,L Smith
2025-12-06,Queens Park Rangers,West Bromwich Albion,1,1,4,3,G Ward
2025-12-06,Sheffield United,Stoke City,1,2,9,7,S Martin
2025-12-06,Southampton,Birmingham City,1,1,7,8,D Webb
2025-12-06,Swansea City,Oxford United,2,4,10,2,A Backhouse
2025-12-06,Watford,Norwich City,1,2,6,5,T Nield
2025-12-09,Blackburn Rovers,Oxford United,1,2,9,3,L Doughty
2025-12-09,Charlton Athletic,Middlesbrough,4,1,5,5,O Langford
2025-12-09,Preston North End,Coventry City,2,0,4,8,B Toner
2025-12-09,Queens Park Rangers,Birmingham City,2,1,6,3,J Bell
2025-12-09,Sheffield United,Norwich City,2,3,6,2,J Smith
2025-12-09,Southampton,West Bromwich Albion,2,2,2,9,S Allison
2025-12-09,Swansea City,Portsmouth,2,3,5,6,T Reeves
2025-12-09,Watford,Sheffield Wednesday,1,1,7,4,D Whitestone
2025-12-10,Bristol City,Leicester City,2,3,10,3,J Linington
2025-12-10,Derby County,Millwall,2,3,11,7,T Kirk
2025-12-10,Hull City,Wrexham,0,1,8,2,A Kitchen
2025-12-10,Ipswich Town,Stoke City,1,1,3,4,A Herczeg
2025-12-13,Birmingham City,Charlton Athletic,3,4,10,3,A Kitchen
2025-12-13,Coventry City,Bristol City,1,3,4,5,S Martin
2025-12-13,Leicester City,Ipswich Town,1,2,6,5,T Kirk
2025-12-13,Middlesbrough,Queens Park Rangers,1,0,9,4,D Webb
2025-12-13,Millwall,Hull City,1,3,5,1,G Ward
2025-12-13,Norwich City,Southampton,2,2,6,5,J Bell
2025-12-13,Oxford United,Preston North End,1,2,9,9,J Linington
2025-12-13,Portsmouth,Blackburn Rovers,2,3,7,6,T Robinson
2025-12-15,Sheffield Wednesday,Derby County,4,1,1,5,L Smith
2025-12-13,Stoke City,Swansea City,3,4,6,7,R Ricardo
2025-12-12,West Bromwich Albion,Sheffield United,0,1,8,4,M Donohue
2025-12-13,Wrexham,Watford,3,5,7,1,J Miles
2025-12-20,Blackburn Rovers,Millwall,3,3,3,6,S Allison
2025-12-20,Bristol City,Middlesbrough,2,3,3,13,A Backhouse
2025-12-20,Charlton Athletic,Oxford United,2,1,5,6,E Bell
2025-12-20,Derby County,Portsmouth,1,1,6,4,F Hallam
2025-12-20,Hull City,West Bromwich Albion,4,5,8,3,R Ricardo
2025-12-20,Ipswich Town,Sheffield Wednesday,1,1,5,3,D Webb
2025-12-20,Preston North End,Norwich City,2,3,4,3,S Martin
2025-12-20,Queens Park Rangers,Leicester City,1,2,2,3,T Nield
2025-12-20,Sheffield United,Birmingham City,1,4,7,4,S Hooper
2025-12-20,Southampton,Coventry City,1,2,7,2,A Herczeg
2025-12-19,Swansea City,Wrexham,2,2,5,7,O Langford
2025-12-20,Watford,Stoke City,3,3,7,5,B Toner
2025-12-26,Birmingham City,Derby County,4,4,12,1,B Toner
2025-12-26,Coventry City,Swansea City,0,2,7,4,S Allison
2025-12-26,Leicester City,Watford,3,2,5,6,J Smith
2025-12-26,Middlesbrough,Blackburn Rovers,2,2,4,4,J Bell
2025-12-26,Millwall,Ipswich Town,1,2,2,4,T Robinson
2025-12-26,Norwich City,Charlton Athletic,3,2,5,6,M Donohue
2025-12-26,Oxford United,Southampton,2,1,5,7,L Doughty
2025-12-26,Portsmouth,Queens Park Rangers,1,2,9,3,J Linington
2025-12-26,Sheffield Wednesday,Hull City,2,4,4,4,S Martin
2025-12-26,Stoke City,Preston North End,4,2,10,2,T Kirk
2025-12-26,West Bromwich Albion,Bristol City,1,3,9,4,W Finnie
2025-12-26,Wrexham,Sheffield United,1,2,7,5,A Kitchen
2025-12-29,Birmingham City,Southampton,1,2,2,5,M Donohue
2025-12-29,Coventry City,Ipswich Town,1,2,3,6,A Backhouse
2025-12-29,Leicester City,Derby County,1,2,3,4,G Ward
2025-12-29,Middlesbrough,Hull City,2,4,10,2,L Doughty
2025-12-29,Millwall,Bristol City,4,1,1,8,D Webb
2025-12-29,Norwich City,Watford,0,1,8,3,M Corlett
2025-12-29,Oxford United,Swansea City,2,4,1,5,A Herczeg
2025-12-29,Portsmouth,Charlton Athletic,2,3,5,11,P Tierney
2025-12-29,Sheffield Wednesday,Blackburn Rovers,2,3,2,7,O Langford
2025-12-29,Stoke City,Sheffield United,1,1,6,2,J Busby
2025-12-29,West Bromwich Albion,Queens Park Rangers,0,2,9,4,L Smith
2025-12-29,Wrexham,Preston North End,0,0,3,3,R Ricardo
2026-01-01,Blackburn Rovers,Wrexham,4,2,4,8,T Kirk
2026-01-01,Bristol City,Portsmouth,0,1,1,1,J Bell
2026-01-01,Charlton Athletic,Coventry City,3,2,9,3,J Smith
2026-01-01,Derby County,Middlesbrough,2,2,4,9,R Ricardo
2026-01-01,Hull City,Stoke City,3,2,6,6,C Pawson
2026-01-01,Ipswich Town,Oxford United,1,4,9,2,W Finnie
2026-01-01,Preston North End,Sheffield Wednesday,2,0,4,7,G Ward
2026-01-01,Queens Park Rangers,Norwich City,0,3,7,3,D Whitestone
2026-01-01,Sheffield United,Leicester City,1,2,7,3,F Hallam
2026-01-01,Southampton,Millwall,1,3,6,6,T Nield
2026-01-01,Swansea City,West Bromwich Albion,2,5,4,5,J Linington
2026-01-01,Watford,Birmingham City,1,2,4,4,L Smith
2026-01-04,Birmingham City,Coventry City,3,2,2,6,J Linington
2026-01-04,Blackburn Rovers,Charlton Athletic,1,4,2,5,D Webb
2026-01-04,Bristol City,Preston North End,0,2,6,3,P Tierney
2026-01-04,Derby County,Wrexham,1,2,12,2,M Corlett
2026-02-03,Hull City,Watford,4,3,6,5,L Doughty
2026-01-05,Leicester City,West Bromwich Albion,1,0,4,4,S Martin
2026-01-04,Middlesbrough,Southampton,0,3,11,5,O Langford
2026-01-04,Millwall,Swansea City,2,0,12,3,J Busby
2026-01-04,Norwich City,Stoke City,1,2,3,3,F Hallam
2026-04-14,Portsmouth,Ipswich Town,2,2,3,7,F Hallam
2026-01-04,Queens Park Rangers,Sheffield Wednesday,0,0,5,2,S Allison
2026-02-03,Sheffield United,Oxford United,3,4,10,2,A Backhouse
2026-01-17,Charlton Athletic,Sheffield United,4,4,9,7,O Langford
2026-01-17,Coventry City,Leicester City,1,4,5,3,L Smith
2026-01-17,Ipswich Town,Blackburn Rovers,0,4,7,6,A Kitchen
2026-01-17,Oxford United,Bristol City,2,3,6,5,T Robinson
2026-01-17,Preston North End,Derby County,2,5,5,10,F Hallam
2026-01-17,Sheffield Wednesday,Portsmouth,0,2,7,6,J Busby
2026-01-17,Southampton,Hull City,0,2,8,2,S Allison
2026-01-17,Stoke City,Queens Park Rangers,3,4,6,2,M Donohue
2026-01-17,Swansea City,Birmingham City,0,0,5,5,T Nield
2026-01-17,Watford,Millwall,4,4,4,4,R Ricardo
2026-01-16,West Bromwich Albion,Middlesbrough,2,0,4,1,J Smith
2026-01-17,Wrexham,Norwich City,0,1,7,1,W Finnie
2026-01-20,Coventry City,Millwall,2,1,4,3,A Kitchen
2026-01-20,Ipswich Town,Bristol City,1,6,9,2,D Whitestone
2026-01-20,Oxford United,Queens Park Rangers,1,2,2,6,W Finnie
2026-01-20,Preston North End,Hull City,3,3,6,6,S Martin
2026-01-20,Sheffield Wednesday,Birmingham City,2,1,3,11,L Doughty
2026-01-20,Swansea City,Blackburn Rovers,2,3,4,3,A Backhouse
2026-01-20,West Bromwich Albion,Norwich City,3,1,10,2,E Bell
2026-01-20,Wrexham,Leicester City,1,2,3,1,M Donohue
2026-01-20,Charlton Athletic,Derby County,0,5,4,0,J Linington
2026-01-21,Southampton,Sheffield United,3,1,6,7,T Kirk
2026-01-21,Stoke City,Middlesbrough,4,1,5,4,A Herczeg
2026-01-21,Watford,Portsmouth,1,1,8,7,B Toner
2026-01-24,Birmingham City,Stoke City,1,1,6,6,J Bell
2026-01-24,Blackburn Rovers,Watford,0,2,7,8,A Herczeg
2026-01-24,Bristol City,Sheffield Wednesday,0,0,9,7,B Speedie
2026-01-23,Derby County,West Bromwich Albion,2,3,1,6,A Backhouse
2026-01-24,Hull City,Swansea City,3,2,6,7,J Smith
2026-01-24,Leicester City,Oxford United,0,3,12,4,J Linington
2026-01-24,Middlesbrough,Preston North End,0,3,8,3,A Madley
2026-01-24,Millwall,Charlton Athletic,1,1,6,3,G Ward
2026-01-26,Norwich City,Coventry City,2,1,4,7,T Kirk
2026-01-25,Portsmouth,Southampton,2,1,4,2,L Smith
2026-01-24,Queens Park Rangers,Wrexham,4,2,7,3,O Langford
2026-01-24,Sheffield United,Ipswich Town,3,4,4,5,T Nield
2026-01-31,Blackburn Rovers,Hull City,2,0,8,4,T Bramall
2026-01-30,Bristol City,Derby County,1,1,4,1,T Nield
2026-01-31,Ipswich Town,Preston North End,1,2,9,3,J Busby
2026-01-31,Leicester City,Charlton Athletic,1,2,6,2,A Kitchen
2026-01-31,Middlesbrough,Norwich City,2,2,3,5,B Toner
2026-01-31,Millwall,Sheffield United,2,1,6,8,L Smith
2026-01-31,Oxford United,Birmingham City,2,2,4,4,S Martin
2026-01-31,Portsmouth,West Bromwich Albion,0,2,3,3,M Donohue
2026-01-31,Queens Park Rangers,Coventry City,1,2,5,5,J Smith
2026-01-31,Sheffield Wednesday,Wrexham,0,0,3,8,D Webb
2026-01-31,Stoke City,Southampton,2,3,4,5,F Hallam
2026-01-31,Watford,Swansea City,2,2,5,8,M Corlett
2026-02-07,Birmingham City,Leicester City,0,3,10,1,J Busby
2026-02-06,Charlton Athletic,Queens Park Rangers,2,1,7,5,J Bell
2026-02-07,Coventry City,Oxford United,1,9,10,0,R Ricardo
2026-02-07,Derby County,Ipswich Town,4,4,3,7,J Smith
2026-02-07,Hull City,Bristol City,2,0,2,4,O Langford
2026-02-07,Norwich City,Blackburn Rovers,2,2,5,4,J Linington
2026-02-07,Preston North End,Portsmouth,3,1,2,14,A Herczeg
2026-02-09,Sheffield United,Middlesbrough,4,2,8,8,G Ward
2026-02-07,Southampton,Watford,3,1,3,9,E Bell
2026-02-08,Swansea City,Sheffield Wednesday,2,2,8,2,T Kirk
2026-02-07,West Bromwich Albion,Stoke City,1,1,2,2,D Webb
2026-02-07,Wrexham,Millwall,1,3,5,4,T Robinson
2026-02-10,Birmingham City,West Bromwich Albion,1,5,11,3,A Herczeg
2026-02-17,Bristol City,Wrexham,2,3,3,2,R Ricardo
2026-02-11,Charlton Athletic,Stoke City,2,4,6,5,A Backhouse
2026-02-16,Coventry City,Middlesbrough,3,2,3,2,T Bramall
2026-02-14,Derby County,Swansea City,2,3,6,2,A Kitchen
2026-03-03,Ipswich Town,Hull City,2,4,6,4,L Smith
2026-02-10,Leicester City,Southampton,0,1,3,9,B Toner
2026-02-10,Oxford United,Norwich City,1,1,2,4,S Allison
2026-02-14,Portsmouth,Sheffield United,1,4,11,4,J Linington
2026-02-14,Preston North End,Watford,1,1,9,7,D Whitestone
2026-02-14,Queens Park Rangers,Blackburn Rovers,2,3,8,1,S Martin
2026-02-14,Sheffield Wednesday,Millwall,3,2,3,11,E Duckworth
2026-02-20,Blackburn Rovers,Preston North End,2,2,5,3,A Backhouse
2026-02-21,Hull City,Queens Park Rangers,3,1,8,4,A Madley
2026-02-21,Middlesbrough,Oxford United,3,1,9,5,O Langford
2026-02-21,Millwall,Portsmouth,1,2,6,4,S Martin
2026-02-21,Norwich City,Birmingham City,0,1,6,5,F Hallam
2026-02-22,Sheffield United,Sheffield Wednesday,2,8,2,6,J Smith
2026-02-21,Southampton,Charlton Athletic,2,1,9,1,J Busby
2026-02-21,Stoke City,Leicester City,2,1,7,4,G Ward
2026-02-21,Swansea City,Bristol City,2,4,3,5,W Finnie
2026-02-21,Watford,Derby County,2,2,2,2,D Webb
2026-02-21,West Bromwich Albion,Coventry City,0,3,3,2,J Linington
2026-02-21,Wrexham,Ipswich Town,5,4,5,2,L Doughty
2026-02-24,Hull City,Derby County,2,2,7,3,A Herczeg
2026-02-24,Middlesbrough,Leicester City,1,1,8,5,A Kitchen
2026-02-24,Southampton,Queens Park Rangers,1,0,5,3,O Langford
2026-02-25,Stoke City,Oxford United,2,1,8,7,J Linington
2026-02-24,Swansea City,Preston North End,2,2,4,8,D Webb
2026-02-24,Watford,Ipswich Town,2,3,3,4,B Toner
2026-02-24,West Bromwich Albion,Charlton Athletic,2,3,7,0,S Allison
2026-02-24,Wrexham,Portsmouth,0,1,3,15,T Reeves
2026-02-24,Blackburn Rovers,Bristol City,2,2,6,4,M Donohue
2026-02-25,Millwall,Birmingham City,1,3,7,5,D Whitestone
2026-02-25,Norwich City,Sheffield Wednesday,0,0,3,4,R Ricardo
2026-02-25,Sheffield United,Coventry City,3,2,7,3,J Busby
2026-03-02,Birmingham City,Middlesbrough,2,4,6,2,T Kirk
2026-02-27,Bristol City,Watford,2,3,3,3,L Smith
2026-02-28,Charlton Athletic,Wrexham,2,1,4,2,F Hallam
2026-02-28,Coventry City,Stoke City,1,1,7,1,A Kitchen
2026-02-28,Derby County,Blackburn Rovers,3,4,2,3,L Doughty
2026-02-28,Ipswich Town,Swansea City,1,0,4,0,A Backhouse
2026-02-28,Leicester City,Norwich City,2,2,5,7,A Herczeg
2026-02-28,Oxford United,West Bromwich Albion,0,2,5,6,M Corlett
2026-02-28,Portsmouth,Hull City,0,3,11,2,S Allison
2026-02-28,Preston North End,Millwall,3,2,2,6,B Toner
2026-02-28,Queens Park Rangers,Sheffield United,2,2,7,4,T Nield
2026-02-28,Sheffield Wednesday,Southampton,0,1,5,8,G Ward
2026-03-07,Blackburn Rovers,Portsmouth,2,0,4,5,T Nield
2026-03-07,Bristol City,Coventry City,5,3,11,3,M Donohue
2026-03-07,Charlton Athletic,Birmingham City,0,1,3,3,J Linington
2026-03-07,Derby County,Sheffield Wednesday,1,2,6,2,O Langford
2026-03-07,Hull City,Millwall,2,4,5,2,D Webb
2026-03-07,Ipswich Town,Leicester City,3,3,10,2,J Busby
2026-03-06,Preston North End,Oxford United,1,1,9,5,A Kitchen
2026-03-08,Queens Park Rangers,Middlesbrough,0,0,3,8,J Smith
2026-03-07,Sheffield United,West Bromwich Albion,2,1,5,7,D Whitestone
2026-03-18,Southampton,Norwich City,4,4,5,6,L Smith
2026-03-07,Swansea City,Stoke City,2,7,12,5,R Ricardo
2026-03-17,Watford,Wrexham,2,0,3,5,A Herczeg
2026-03-11,Birmingham City,Queens Park Rangers,4,0,10,1,A Backhouse
2026-03-10,Leicester City,Bristol City,2,3,5,9,T Nield
2026-03-10,Millwall,Derby County,0,3,6,2,M Donohue
2026-03-11,Norwich City,Sheffield United,2,2,11,4,B Toner
2026-03-10,Portsmouth,Swansea City,1,2,6,0,G Ward
2026-03-10,Sheffield Wednesday,Watford,3,3,5,5,E Bell
2026-03-10,Stoke City,Ipswich Town,0,4,5,9,T Kirk
2026-03-10,Wrexham,Hull City,3,4,8,4,S Martin
2026-03-11,Coventry City,Preston North End,0,0,8,1,L Smith
2026-03-11,Middlesbrough,Charlton Athletic,0,2,11,2,A Herczeg
2026-03-11,Oxford United,Blackburn Rovers,0,2,6,4,D Webb
2026-03-11,West Bromwich Albion,Southampton,2,2,5,3,B Speedie
2026-03-14,Birmingham City,Sheffield United,2,5,7,0,T Robinson
2026-03-14,Coventry City,Southampton,3,2,7,5,F Hallam
2026-03-14,Leicester City,Queens Park Rangers,1,3,3,6,D Whitestone
2026-03-14,Middlesbrough,Bristol City,1,5,9,4,S Martin
2026-03-14,Millwall,Blackburn Rovers,1,1,9,7,A Kitchen
2026-03-14,Norwich City,Preston North End,1,1,5,3,G Ward
2026-03-14,Oxford United,Charlton Athletic,3,4,3,6,M Donohue
2026-03-16,Portsmouth,Derby County,2,6,11,3,A Backhouse
2026-03-14,Sheffield Wednesday,Ipswich Town,3,1,4,4,T Reeves
2026-03-14,Stoke City,Watford,4,2,6,7,L Doughty
2026-03-14,West Bromwich Albion,Hull City,1,5,10,2,J Smith
2026-03-13,Wrexham,Swansea City,0,2,5,5,T Nield
2026-03-21,Blackburn Rovers,Middlesbrough,0,2,3,11,O Langford
2026-03-21,Bristol City,West Bromwich Albion,1,1,5,4,T Kirk
2026-03-21,Charlton Athletic,Norwich City,2,2,7,7,W Finnie
2026-03-21,Derby County,Birmingham City,1,4,6,2,G Ward
2026-03-21,Hull City,Sheffield Wednesday,3,1,4,4,D Whitestone
2026-03-21,Ipswich Town,Millwall,1,2,9,8,M Salisbury
2026-03-20,Preston North End,Stoke City,2,1,7,9,F Hallam
2026-03-21,Queens Park Rangers,Portsmouth,4,2,1,9,J Busby
2026-03-21,Sheffield United,Wrexham,1,3,8,5,S Allison
2026-03-21,Southampton,Oxford United,0,3,6,4,B Toner
2026-03-21,Swansea City,Coventry City,3,1,2,7,S Martin
2026-03-21,Watford,Leicester City,3,4,7,4,J Smith
2026-04-03,Birmingham City,Blackburn Rovers,0,2,9,10,J Busby
2026-04-03,Charlton Athletic,Bristol City,2,3,7,3,B Toner
2026-04-03,Coventry City,Derby County,0,2,6,1,T Nield
2026-04-03,Leicester City,Preston North End,1,4,7,2,B Speedie
2026-04-03,Middlesbrough,Millwall,1,1,17,6,A Backhouse
2026-04-03,Norwich City,Portsmouth,3,5,5,6,S Martin
2026-04-03,Oxford United,Hull City,0,1,1,5,O Langford
2026-04-03,Queens Park Rangers,Watford,6,4,2,3,R Ricardo
2026-04-03,Sheffield United,Swansea City,1,1,4,2,D Whitestone
2026-04-28,Southampton,Ipswich Town,0,2,5,9,T Kirk
2026-04-03,Stoke City,Sheffield Wednesday,2,1,7,2,M Salisbury
2026-04-03,West Bromwich Albion,Wrexham,2,1,4,6,A Madley
2026-04-06,Blackburn Rovers,West Bromwich Albion,3,2,4,2,R Jones
2026-04-06,Bristol City,Sheffield United,1,3,0,5,L Smith
2026-04-06,Derby County,Stoke City,2,1,5,3,E Bell
2026-04-06,Hull City,Coventry City,1,1,2,4,D Webb
2026-04-06,Ipswich Town,Birmingham City,1,1,6,4,A Herczeg
2026-04-06,Millwall,Norwich City,1,2,2,5,S Allison
2026-04-06,Portsmouth,Oxford United,3,3,6,5,J Smith
2026-04-06,Preston North End,Queens Park Rangers,1,3,2,6,T Kirk
2026-04-06,Sheffield Wednesday,Leicester City,0,0,1,10,L Doughty
2026-04-06,Swansea City,Middlesbrough,3,3,2,10,M Donohue
2026-04-06,Watford,Charlton Athletic,2,2,17,3,A Kitchen
2026-04-07,Wrexham,Southampton,2,3,3,4,G Ward
2026-04-12,Birmingham City,Wrexham,1,1,6,3,D Webb
2026-04-11,Charlton Athletic,Preston North End,2,3,7,4,J Busby
2026-04-11,Coventry City,Sheffield Wednesday,0,3,7,2,M Donohue
2026-04-11,Leicester City,Swansea City,2,0,12,2,S Allison
2026-04-11,Middlesbrough,Portsmouth,2,5,14,2,T Kirk
2026-04-11,Norwich City,Ipswich Town,4,6,13,1,A Backhouse
2026-04-11,Oxford United,Watford,1,2,10,5,S Martin
2026-04-11,Queens Park Rangers,Bristol City,4,2,3,6,E Duckworth
2026-04-11,Sheffield United,Hull City,3,8,15,4,J Brooks
2026-04-11,Southampton,Derby County,1,2,6,2,A Kitchen
2026-04-11,Stoke City,Blackburn Rovers,6,3,4,3,R Madley
2026-04-10,West Bromwich Albion,Millwall,1,2,7,5,L Smith
2026-04-17,Blackburn Rovers,Coventry City,4,2,3,3,L Smith
2026-04-18,Bristol City,Norwich City,0,2,2,10,R Ricardo
2026-04-18,Derby County,Oxford United,4,2,7,3,S Allison
2026-04-18,Hull City,Birmingham City,4,4,2,6,S Martin
2026-04-19,Ipswich Town,Middlesbrough,2,4,6,3,J Gillett
2026-04-18,Millwall,Queens Park Rangers,1,3,6,10,T Nield
2026-04-18,Portsmouth,Leicester City,2,3,5,7,G Ward
2026-04-18,Preston North End,West Bromwich Albion,0,0,8,6,J Smith
2026-04-18,Sheffield Wednesday,Charlton Athletic,1,2,7,2,T Parsons
2026-04-18,Swansea City,Southampton,2,2,4,12,O Langford
2026-04-18,Watford,Sheffield United,2,4,8,5,J Busby
2026-04-18,Wrexham,Stoke City,0,1,2,6,A Herczeg
2026-04-21,Coventry City,Portsmouth,0,1,2,1,A Kitchen
2026-04-22,Middlesbrough,Sheffield Wednesday,2,2,9,1,D Webb
2026-04-21,Norwich City,Derby County,2,3,3,4,T Reeves
2026-04-21,Oxford United,Wrexham,2,3,9,5,M Donohue
2026-04-21,Queens Park Rangers,Swansea City,3,1,4,5,L Doughty
2026-04-21,Southampton,Bristol City,4,3,7,3,E Bell
2026-04-21,Stoke City,Millwall,0,3,11,1,J Smith
2026-04-21,West Bromwich Albion,Watford,4,3,4,3,A Backhouse
2026-04-22,Birmingham City,Preston North End,0,2,3,3,B Toner
2026-04-22,Charlton Athletic,Ipswich Town,2,2,1,4,A Madley
2026-04-21,Leicester City,Hull City,3,2,9,8,T Kirk
2026-04-22,Sheffield United,Blackburn Rovers,2,4,2,4,F Hallam
2026-04-25,Birmingham City,Bristol City,3,1,6,5,R Jones
2026-04-25,Charlton Athletic,Hull City,2,1,5,11,T Nield
2026-04-26,Coventry City,Wrexham,2,2,5,4,S Allison
2026-04-24,Leicester City,Millwall,1,3,2,12,F Hallam
2026-04-25,Middlesbrough,Watford,1,2,6,3,A Herczeg
2026-04-25,Norwich City,Swansea City,3,5,5,2,T Parsons
2026-04-25,Oxford United,Sheffield Wednesday,1,0,5,3,R Madley
2026-04-25,Queens Park Rangers,Derby County,1,3,10,6,J Busby
2026-04-25,Sheffield United,Preston North End,0,3,10,5,A Kitchen
2026-04-14,Southampton,Blackburn Rovers,0,2,7,4,J Smith
2026-04-25,Stoke City,Portsmouth,0,2,8,1,D Webb
2026-04-25,West Bromwich Albion,Ipswich Town,2,3,2,6,M Donohue
2026-05-02,Blackburn Rovers,Leicester City,1,1,9,11,L Doughty
2026-05-02,Bristol City,Stoke City,1,3,2,15,B Toner
2026-05-02,Derby County,Sheffield United,4,3,6,3,T Nield
2026-05-02,Hull City,Norwich City,2,2,1,7,J Smith
2026-05-02,Ipswich Town,Queens Park Rangers,2,1,4,2,G Ward
2026-05-02,Millwall,Oxford United,1,0,14,1,A Backhouse
2026-05-02,Portsmouth,Birmingham City,2,2,3,9,J Brooks
2026-05-02,Preston North End,Southampton,3,1,10,5,S Martin
2026-05-02,Sheffield Wednesday,West Bromwich Albion,3,2,5,2,L Smith
2026-05-02,Swansea City,Charlton Athletic,0,0,10,4,W Finnie
2026-05-02,Watford,Coventry City,2,1,0,6,R Ricardo
2026-05-02,Wrexham,Middlesbrough,0,0,6,3,O Langford
2025-12-02,Blackburn Rovers,Ipswich Town,1,3,9,3,O Langford
2026-05-11,Millwall,Hull City,1,4,6,8,S Barrott
2026-05-09,Middlesbrough,Southampton,0,2,11,1,F Hallam
2026-05-08,Hull City,Millwall,0,1,0,5,G Ward
2026-05-23,Hull City,Middlesbrough,1,0,1,3,J Gillett
2026-09-11,West Ham,Wrexham,1,0,3,6,M Donohue
2026-09-12,West Bromwich Albion,Queens Park Rangers,1,4,5,3,R Ricardo
2026-09-12,Watford,Stoke City,2,2,5,8,L Smith
2026-09-12,Swansea City,Burnley,2,1,3,6,J Bell
2026-09-12,Southampton,Bristol City,0,2,2,5,S Allison
2026-09-13,Sheffield United,Wolves,2,1,0,9,R Jones
2026-09-12,Preston North End,Lincoln City,1,1,16,3,S Martin
2026-09-12,Middlesbrough,Norwich City,2,1,3,5,A Herczeg
2026-09-12,Derby County,Birmingham City,1,3,10,4,J Busby
2026-09-12,Charlton Athletic,Portsmouth,1,1,7,5,A Kitchen
2026-09-12,Bolton Wanderers,Cardiff City,5,2,2,10,T Parsons
2026-09-12,Blackburn Rovers,Millwall,5,3,6,2,J Smith
2026-09-08,Wrexham,Burnley,2,3,4,4,T Robinson
2026-09-09,Norwich City,Birmingham City,6,3,6,7,T Reeves
2026-09-09,Derby County,West Bromwich Albion,0,5,11,3,J Bell
2026-09-09,Charlton Athletic,Queens Park Rangers,0,2,5,12,T Nield
2026-09-08,Cardiff City,Stoke City,1,2,7,5,S Allison
2026-09-08,Bolton Wanderers,West Ham,0,3,4,4,D Webb
2026-09-08,Blackburn Rovers,Sheffield United,1,2,7,3,M Donohue
2026-09-08,Watford,Preston North End,0,2,2,4,F Hallam
2026-09-08,Southampton,Swansea City,0,1,9,3,L Smith
2026-09-05,West Ham,Derby County,0,2,5,6,O Langford
2026-09-05,West Bromwich Albion,Watford,5,3,5,4,M Salisbury
2026-09-05,Swansea City,Wrexham,3,0,5,2,E Bell
2026-09-05,Stoke City,Charlton Athletic,1,5,5,3,R Madley
2026-09-05,Sheffield United,Norwich City,2,3,7,4,J Smith
2026-09-05,Queens Park Rangers,Middlesbrough,1,2,12,3,A Madley
2026-09-05,Preston North End,Blackburn Rovers,4,2,3,11,A Backhouse
2026-09-05,Portsmouth,Cardiff City,0,4,5,7,B Speedie
2026-09-05,Millwall,Bolton Wanderers,1,2,4,9,W Finnie
2026-09-05,Lincoln City,Southampton,3,0,4,6,A Kitchen
2026-09-05,Burnley,Bristol City,3,0,5,8,G Ward
2026-09-06,Birmingham City,Wolves,2,1,8,4,A Herczeg
2026-09-02,West Bromwich Albion,Charlton Athletic,1,1,8,3,F Hallam
2026-09-02,Queens Park Rangers,Cardiff City,0,2,3,4,T Robinson
2026-09-02,Millwall,Wrexham,2,1,1,2,O Langford
2026-09-02,Burnley,Middlesbrough,2,2,5,1,M Donohue
2026-09-01,West Ham,Wolves,2,1,6,7,L Smith
2026-09-01,Swansea City,Watford,0,4,5,3,E Duckworth
2026-09-01,Stoke City,Norwich City,2,2,3,5,A Kitchen
2026-09-01,Sheffield United,Bolton Wanderers,0,2,5,5,T Harrington
2026-09-01,Preston North End,Bristol City,2,0,5,2,R Ricardo
2026-09-01,Portsmouth,Derby County,1,2,11,2,S Allison
2026-09-01,Lincoln City,Blackburn Rovers,1,5,5,7,W Finnie
2026-09-01,Birmingham City,Southampton,3,2,3,5,A Backhouse
2026-08-28,Wrexham,Birmingham City,1,2,3,6,R Jones
2026-08-29,Wolves,Stoke City,1,4,7,1,T Nield
2026-08-29,Watford,West Ham,3,1,3,11,R Madley
2026-08-29,Southampton,Millwall,2,1,8,11,A Herczeg
2026-08-29,Norwich City,Burnley,4,4,3,5,E Bell
2026-08-29,Middlesbrough,West Bromwich Albion,0,1,7,6,P Tierney
2026-08-29,Derby County,Swansea City,3,2,5,6,D Webb
2026-08-29,Charlton Athletic,Preston North End,1,1,7,4,T Reeves
2026-08-29,Cardiff City,Sheffield United,2,2,13,2,J Busby
2026-08-29,Bristol City,Portsmouth,3,0,3,10,J Bell
2026-08-29,Bolton Wanderers,Lincoln City,0,3,14,2,B Speedie
2026-08-29,Blackburn Rovers,Queens Park Rangers,3,2,3,3,G Ward
2026-08-22,Wrexham,Watford,2,0,10,3,J Busby
2026-08-22,West Ham,Charlton Athletic,2,3,7,4,A Kitchen
2026-08-23,West Bromwich Albion,Burnley,1,2,3,5,A Backhouse
2026-08-22,Swansea City,Sheffield United,2,2,6,3,T Nield
2026-08-22,Southampton,Stoke City,3,6,4,2,S Martin
2026-08-22,Queens Park Rangers,Bolton Wanderers,1,2,9,2,E Duckworth
2026-08-22,Preston North End,Wolves,4,1,5,4,E Bell
2026-08-22,Millwall,Norwich City,1,4,8,3,S Allison
2026-08-22,Lincoln City,Portsmouth,3,1,8,3,T Harrington
2026-08-22,Derby County,Cardiff City,5,1,7,7,R Ricardo
2026-08-22,Blackburn Rovers,Middlesbrough,4,1,2,10,T Reeves
2026-08-22,Birmingham City,Bristol City,2,2,7,3,W Finnie
2026-08-17,Cardiff City,Wrexham,1,2,9,9,A Kitchen
2026-08-16,Burnley,West Ham,1,4,5,6,J Smith
2026-08-16,Watford,Southampton,6,3,4,8,M Donohue
2026-08-15,Sheffield United,Birmingham City,0,0,2,8,G Ward
2026-08-15,Stoke City,Swansea City,1,3,4,5,O Langford
2026-08-15,Portsmouth,Queens Park Rangers,0,1,6,3,W Finnie
2026-08-15,Norwich City,West Bromwich Albion,0,2,8,2,T Robinson
2026-08-15,Middlesbrough,Lincoln City,0,2,5,5,R Madley
2026-08-15,Charlton Athletic,Derby County,0,3,5,4,B Speedie
2026-08-15,Bristol City,Millwall,3,2,6,6,L Smith
2026-08-15,Bolton Wanderers,Preston North End,2,3,5,2,A Herczeg
2026-08-14,Wolves,Blackburn Rovers,1,3,5,5,F Hallam
