Div,Date,Time,HomeTeam,AwayTeam,FTHG,FTAG,FTR,HTHG,HTAG,HTR,HS,AS,HST,AST,HF,AF,HC,AC,HY,AY,HR,AR,B365H,B365D,B365A,BFDH,BFDD,BFDA,BMGMH,BMGMD,BMGMA,BVH,BVD,BVA,BWH,BWD,BWA,CLH,CLD,CLA,LBH,LBD,LBA,PSH,PSD,PSA,MaxH,MaxD,MaxA,AvgH,AvgD,AvgA,BFEH,BFED,BFEA,B365>2.5,B365<2.5,P>2.5,P<2.5,Max>2.5,Max<2.5,Avg>2.5,Avg<2.5,BFE>2.5,BFE<2.5,AHh,B365AHH,B365AHA,PAHH,PAHA,MaxAHH,MaxAHA,AvgAHH,AvgAHA,BFEAHH,BFEAHA,B365CH,B365CD,B365CA,BFDCH,BFDCD,BFDCA,BMGMCH,BMGMCD,BMGMCA,BVCH,BVCD,BVCA,BWCH,BWCD,BWCA,CLCH,CLCD,CLCA,LBCH,LBCD,LBCA,PSCH,PSCD,PSCA,MaxCH,MaxCD,MaxCA,AvgCH,AvgCD,AvgCA,BFECH,BFECD,BFECA,B365C>2.5,B365C<2.5,PC>2.5,PC<2.5,MaxC>2.5,MaxC<2.5,AvgC>2.5,AvgC<2.5,BFEC>2.5,BFEC<2.5,AHCh,B365CAHH,B365CAHA,PCAHH,PCAHA,MaxCAHH,MaxCAHA,AvgCAHH,AvgCAHA,BFECAHH,BFECAHA
N1,08/08/2025,19:00,For Sittard,Go Ahead Eagles,2,2,D,1,1,D,36,6,8,2,10,9,8,5,2,2,0,1,2.63,3.6,2.5,2.63,3.3,2.5,2.7,3.35,2.5,2.63,3.5,2.5,2.65,3.6,2.5,2.62,3.6,2.5,2.62,3.5,2.5,2.73,3.43,2.56,2.7,3.6,2.55,2.66,3.44,2.5,2.72,3.65,2.58,1.73,2.08,1.75,2.11,1.74,2.1,1.71,2.05,1.78,2.14,0,1.98,1.83,2,1.88,1.98,1.85,1.91,1.8,2.02,1.9,2.6,3.5,2.55,2.63,3.5,2.63,2.75,3.45,2.4,2.8,3.6,2.4,2.6,3.4,2.6,3,3.5,2.3,3,3.5,2.25,3.15,3.58,2.29,3.15,3.7,2.63,2.74,3.48,2.45,2.82,3.5,2.7,1.75,2.05,1.74,2.18,1.75,2.15,1.7,2.07,1.83,2.16,0,1.93,1.88,2.31,1.68,1.98,1.91,1.91,1.81,2.04,1.92
N1,09/08/2025,15:30,Nijmegen,Excelsior,5,0,H,1,0,H,15,9,10,6,14,14,7,2,1,1,0,0,1.75,4,4.33,1.7,3.75,4.5,1.76,3.55,4.5,1.73,3.8,4.4,1.77,3.75,4.4,1.8,3.75,4.4,1.75,3.7,4.33,1.75,3.9,4.46,1.8,4,4.5,1.75,3.73,4.39,1.77,3.9,4.5,1.73,2.08,1.76,2.09,1.82,2.08,1.76,1.98,1.77,2.14,-0.75,1.95,1.85,1.97,1.88,1.97,1.85,1.93,1.75,,,1.62,4.33,4.75,1.67,4,4.5,1.63,4.1,4.7,1.65,4.33,4.75,1.68,4.2,4.4,1.67,4.2,4.4,1.67,4.2,4.4,1.74,4.26,4.45,1.68,4.4,4.8,1.65,4.18,4.59,1.69,4.5,5.3,1.5,2.5,1.58,2.47,1.54,2.55,1.5,2.45,1.56,2.72,-0.75,1.78,2.03,1.93,1.97,1.83,2.03,1.76,1.91,1.84,2.14
N1,09/08/2025,17:45,Feyenoord,NAC Breda,2,0,H,1,0,H,20,7,4,0,10,13,3,4,1,1,0,0,1.18,8.5,11,1.14,7,15,1.14,8,15,1.15,7.5,15,1.18,8,14,1.18,8,13,1.17,8,13,1.16,7.99,13.87,1.18,8.5,15,1.16,7.56,13.94,1.18,8.8,15.5,1.4,2.88,1.42,2.82,1.43,3.1,1.39,2.82,1.44,2.94,-2,1.83,1.98,1.83,2.01,1.85,2,1.75,1.94,,,1.38,5.25,7,1.33,5,8,1.28,5.8,8.5,1.33,5.25,9,1.35,5.25,8,1.33,5.5,8.5,1.33,5.5,8.5,1.27,6.48,9.76,1.38,5.8,9,1.33,5.31,8.06,1.36,5.7,10,1.62,2.25,1.53,2.62,1.62,2.45,1.55,2.33,1.64,2.52,-1.5,2.05,1.75,1.83,2.07,2.05,1.93,1.93,1.82,2.05,1.92
N1,09/08/2025,19:00,Heerenveen,Volendam,1,1,D,1,0,H,18,5,6,3,8,9,9,2,1,1,0,0,1.57,4.2,5.5,1.53,4,5.5,1.57,4,5.5,1.55,4.1,5.5,1.6,4.1,5.25,1.6,4,5.25,1.6,4,5.25,1.58,4.19,5.4,1.6,4.2,5.6,1.57,4.03,5.4,1.61,4,5.8,1.7,2.1,1.74,2.12,1.71,2.14,1.68,2.08,1.75,2.18,-1,1.98,1.83,2,1.85,2,1.83,1.93,1.77,,,1.65,4.2,5,1.57,4.2,5,1.55,4.1,5.5,1.57,4.4,5.25,1.61,4.2,5,1.61,4.2,5,1.6,4.2,5,1.65,4.15,5.29,1.65,4.5,5.5,1.59,4.21,5.15,1.68,4.3,5.5,1.57,2.35,1.61,2.41,1.63,2.38,1.56,2.31,1.63,2.56,-1,2.03,1.78,2.1,1.83,2.03,1.9,1.91,1.78,2.1,1.85
N1,09/08/2025,20:00,PSV Eindhoven,Sparta Rotterdam,6,1,H,3,0,H,22,8,12,4,8,2,8,5,1,1,0,0,1.2,7.5,11,1.18,6.5,13,1.16,7.5,14,1.18,7,13,1.21,7,13,1.2,7,13,1.2,7,13,1.19,7.25,11.58,1.21,7.5,14,1.18,6.99,12.69,1.21,7.4,12.5,1.4,2.88,1.39,2.96,1.4,3.1,1.37,2.88,1.43,3.05,-2,1.95,1.85,1.96,1.88,1.95,1.95,1.82,1.87,,,1.18,7.5,13,1.18,6.5,12,1.16,8,12.5,1.18,8,13,1.21,7.5,11.5,1.22,7,11,1.22,7,11,1.21,7.59,11.67,1.22,8,13,1.19,7.34,12,1.2,8.2,17.5,1.29,3.6,1.32,3.47,1.33,3.6,1.29,3.41,1.34,3.85,-2,1.88,1.93,1.95,1.93,1.88,2.02,1.77,1.93,1.9,2.01
N1,10/08/2025,11:15,Zwolle,Twente,1,0,H,1,0,H,7,16,2,4,14,15,2,4,4,1,0,0,4,3.6,1.91,3.75,3.5,1.91,3.85,3.5,1.92,3.7,3.6,1.91,3.7,3.7,1.93,3.7,3.7,1.95,3.6,3.7,1.91,3.75,3.66,1.95,4,3.7,1.95,3.73,3.57,1.92,3.85,3.65,1.93,1.75,2.05,1.78,2.06,1.77,2.12,1.72,2.03,1.78,2.06,0.5,1.88,1.93,1.89,1.96,1.9,1.94,1.84,1.89,,,3.25,3.6,2.1,3.3,3.5,2.05,3.7,3.65,1.9,3.4,3.75,2.05,3.4,3.7,2.05,3.4,3.7,2.05,3.4,3.7,2.05,3.8,3.78,1.97,3.7,3.75,2.1,3.46,3.63,2.01,3.75,3.75,2.12,1.67,2.15,1.76,2.15,1.73,2.15,1.69,2.07,1.79,2.22,0.5,1.75,2.05,1.93,1.98,1.88,2.05,1.79,1.95,1.87,2.12
N1,10/08/2025,13:30,Ajax,Telstar,2,0,H,1,0,H,15,18,7,5,9,12,8,10,0,0,0,0,1.17,7.5,17,1.17,7,13,1.13,8.5,16,1.13,8,17,1.17,8.25,14.5,1.17,8,15,1.17,8,13,1.15,8.51,13.84,1.17,8.5,17,1.15,7.78,15.16,1.18,8.6,17,1.33,3.4,1.33,3.24,1.35,3.4,1.33,3.15,1.36,3.25,-2.25,1.98,1.83,1.99,1.85,1.98,1.83,1.87,1.8,,,1.2,6.5,13,1.18,6.5,12,1.14,8,15,1.18,7.5,15,1.21,7.5,11.5,1.2,7.5,12,1.2,7.5,12,1.14,9.58,17.61,1.21,8,15,1.18,7.28,13.06,1.2,8.6,17,1.33,3.4,1.33,3.37,1.34,3.4,1.33,3.14,1.39,3.45,-2,1.9,1.9,1.65,2.3,1.9,1.98,1.8,1.91,1.92,2
N1,10/08/2025,13:30,AZ Alkmaar,Groningen,4,1,H,3,1,H,10,11,5,8,11,12,6,1,2,2,0,0,1.53,4.33,6,1.5,4.2,6,1.47,4.5,6.1,1.5,4.2,6,1.53,4.4,5.75,1.53,4.4,5.75,1.53,4.4,5.5,1.51,4.37,6,1.53,4.5,6.25,1.5,4.32,5.91,1.52,4.3,6.6,1.73,2.08,1.74,2.12,1.73,2.12,1.69,2.07,1.74,2.12,-1,1.85,1.95,1.86,1.99,1.86,1.95,1.78,1.91,,,1.33,5.5,9,1.3,5,9,1.29,5.5,9.5,1.3,5.5,10,1.34,5.25,8.75,1.33,5.25,8.5,1.33,5.25,8.5,1.4,5,8.12,1.34,5.75,10,1.31,5.34,9.02,1.38,5.4,10,1.57,2.35,1.68,2.27,1.57,2.4,1.55,2.33,1.64,2.5,-1.5,1.9,1.9,2.12,1.79,1.93,1.95,1.87,1.87,2,1.94
N1,10/08/2025,15:45,Utrecht,Heracles,4,0,H,1,0,H,19,10,7,3,10,16,4,4,1,2,0,0,1.55,4.5,5.5,1.53,4,5.5,1.47,4.5,5.8,1.53,4.2,5.75,1.57,4.33,5.5,1.57,4.33,5.5,1.55,4.33,5.25,1.55,4.27,5.67,1.57,4.5,5.8,1.52,4.3,5.55,1.55,4.2,6,1.67,2.15,1.71,2.16,1.67,2.25,1.64,2.15,,,-1,1.93,1.88,1.93,1.92,1.93,1.94,1.82,1.88,,,1.53,4.33,6,1.53,4,5.5,1.53,4.2,5.75,1.53,4.33,6,1.55,4.1,6,1.57,4,5.75,1.57,4,5.5,1.58,4.2,5.98,1.58,4.33,6.5,1.54,4.16,5.79,1.61,4.3,6.6,1.75,2.05,1.84,2.06,1.8,2.06,1.75,2,1.85,2.12,-1,1.85,1.95,2,1.91,1.94,1.95,1.85,1.84,2.02,1.95
N1,15/08/2025,19:00,Telstar,Zwolle,0,2,A,0,1,A,11,10,5,3,13,10,7,0,3,3,0,0,2.55,3.4,2.7,2.6,3.3,2.5,2.65,3.4,2.48,2.55,3.5,2.55,2.6,3.4,2.6,2.6,3.4,2.62,2.7,3.5,2.45,2.68,3.49,2.68,2.7,3.5,2.7,2.61,3.4,2.55,2.8,3.55,2.68,1.75,2.05,1.81,2.08,1.77,2.1,1.73,2.02,1.86,2.14,0,1.83,1.98,1.95,1.95,1.93,1.98,1.83,1.9,1.92,2.02,2.5,3.5,2.7,2.5,3.4,2.63,2.55,3.35,2.65,2.5,3.6,2.7,2.55,3.4,2.65,2.6,3.4,2.62,2.5,3.4,2.62,2.55,3.59,2.76,2.6,3.6,2.7,2.52,3.41,2.67,2.62,3.6,2.84,1.67,2.15,1.7,2.24,1.76,2.15,1.68,2.09,1.77,2.24,0,1.83,1.98,1.88,2.03,1.85,1.98,1.81,1.93,1.91,2.07
N1,16/08/2025,17:45,Excelsior,Feyenoord,1,2,A,1,2,A,8,16,2,8,17,8,5,6,0,1,0,0,5,4.5,1.45,7,4.6,1.4,6,4.8,1.44,6,4.75,1.45,5.75,4.8,1.49,5.75,4.8,1.48,5.75,4.8,1.48,5.45,4.85,1.5,7,4.8,1.49,5.83,4.72,1.46,6.2,5,1.53,1.44,2.7,1.44,2.54,1.53,2.7,1.44,2.62,1.48,2.8,1.25,1.78,2.03,1.85,2.03,1.82,2.03,1.77,1.89,1.86,2.01,5.5,5,1.5,7,4.6,1.4,6.25,4.6,1.45,6.5,4.8,1.45,6,4.6,1.47,6,4.6,1.48,6,4.6,1.48,6.19,4.63,1.51,7,5,1.5,6.17,4.63,1.46,7.2,4.9,1.51,1.48,2.6,1.59,2.46,1.53,2.6,1.49,2.48,1.55,2.76,1.25,1.78,2.03,1.81,2.09,1.82,2.03,1.77,1.9,1.93,2.06
N1,16/08/2025,19:00,Heracles,Nijmegen,1,4,A,1,1,D,13,24,6,11,9,11,3,7,2,2,1,0,2.8,3.5,2.4,2.75,3.3,2.4,2.85,3.35,2.4,2.75,3.5,2.38,2.75,3.5,2.45,2.75,3.5,2.45,2.75,3.4,2.45,2.83,3.45,2.46,2.85,3.5,2.48,2.78,3.41,2.41,3,3.5,2.46,1.73,2.08,1.76,2.08,1.77,2.08,1.73,2.02,1.8,2.14,0,2.03,1.78,2.08,1.81,2.05,1.83,2,1.75,2.21,1.78,3,3.5,2.3,2.88,3.4,2.3,2.9,3.3,2.38,2.9,3.6,2.38,2.9,3.6,2.3,2.9,3.5,2.3,2.87,3.5,2.3,2.71,3.54,2.62,3,3.7,2.5,2.89,3.45,2.34,3.15,3.6,2.44,1.67,2.15,1.84,2.06,1.74,2.15,1.7,2.06,1.81,2.18,0.25,1.83,1.98,1.7,2.27,1.83,2.11,1.75,1.89,1.89,2.1
N1,16/08/2025,20:00,Groningen,Heerenveen,2,1,H,1,1,D,8,16,5,5,9,15,3,8,4,2,0,0,2.2,3.5,3.2,2.2,3.25,3.1,2.18,3.3,3.25,2.2,3.4,3.1,2.2,3.5,3.2,2.2,3.5,3.2,2.15,3.5,3.2,2.24,3.45,3.19,2.22,3.5,3.25,2.19,3.36,3.18,2.28,3.45,3.45,1.93,1.88,1.95,1.9,1.93,1.88,1.9,1.83,1.99,1.92,-0.25,1.93,1.88,1.95,1.92,1.93,1.89,1.82,1.84,1.96,1.98,2.25,3.3,3.25,2.2,3.25,3.1,2.06,3.3,3.55,2.25,3.4,3.25,2.25,3.4,3.2,2.25,3.4,3.2,2.1,3.4,3.3,2.16,3.44,3.57,2.25,3.4,3.55,2.17,3.33,3.31,2.32,3.45,3.5,1.98,1.83,1.98,1.91,1.98,1.86,1.92,1.81,2.04,1.93,-0.25,1.93,1.88,1.86,2.05,1.93,1.96,1.77,1.9,1.98,2
N1,17/08/2025,11:15,Go Ahead Eagles,Ajax,2,2,D,2,2,D,9,22,4,11,9,12,6,9,1,2,0,0,3.9,4.1,1.8,3.75,4,1.8,4.1,4,1.74,3.9,4.1,1.75,4,4.2,1.77,4,4.2,1.75,3.9,4.2,1.75,4.07,4.02,1.79,4.1,4.2,1.8,3.94,4.05,1.76,4.3,4.4,1.8,1.44,2.7,1.48,2.63,1.46,2.7,1.44,2.63,1.48,2.8,0.75,1.83,1.98,1.85,2.01,1.83,1.98,1.76,1.91,1.91,2,3.7,4,1.85,3.6,4,1.83,3.8,3.9,1.82,3.6,4.1,1.9,3.7,3.9,1.88,3.7,4,1.91,3.8,4,1.8,3.93,3.99,1.88,3.85,4.1,1.91,3.72,3.95,1.85,4,4,1.97,1.44,2.7,1.51,2.66,1.49,2.75,1.45,2.59,1.51,2.9,0.5,1.93,1.88,2.01,1.89,2,1.88,1.93,1.81,2.02,1.97
N1,17/08/2025,13:30,Sparta Rotterdam,Utrecht,2,1,H,1,0,H,15,20,5,5,9,11,5,6,1,3,0,0,2.6,3.7,2.5,2.63,3.4,2.5,2.63,3.7,2.38,2.6,3.6,2.45,2.55,3.7,2.5,2.6,3.7,2.5,2.5,3.6,2.5,2.63,3.69,2.51,2.65,3.75,2.5,2.6,3.62,2.45,2.78,3.7,2.66,1.62,2.25,1.64,2.28,1.68,2.25,1.63,2.18,1.67,2.3,0,1.95,1.85,1.97,1.88,1.95,1.85,1.91,1.82,,,2.5,3.5,2.7,2.5,3.25,2.63,2.5,3.45,2.65,2.55,3.5,2.7,2.55,3.4,2.65,2.6,3.4,2.62,2.4,3.4,2.8,2.49,3.55,2.86,2.6,3.5,2.95,2.49,3.43,2.7,2.66,3.55,2.88,1.8,2,1.85,2.04,1.8,2,1.77,1.96,1.87,2.1,0,1.83,1.98,1.83,2.1,1.85,2.1,1.78,1.95,1.89,2.09
N1,17/08/2025,13:30,Twente,PSV Eindhoven,0,2,A,0,1,A,19,15,4,4,10,12,8,6,1,2,0,0,4.75,4.75,1.57,5,4.5,1.53,4.8,5,1.52,4.8,4.6,1.55,4.75,4.6,1.6,4.6,4.6,1.6,4.6,4.6,1.6,4.82,4.73,1.57,5,5,1.6,4.76,4.69,1.55,5.2,4.9,1.58,1.33,3.4,1.33,3.29,1.4,3.4,1.32,3.17,1.36,3.4,1,1.93,1.88,1.95,1.9,1.93,1.9,1.89,1.8,,,4.75,4.75,1.57,5,4.33,1.53,4.8,4.6,1.55,5.25,4.75,1.53,5,4.5,1.57,4.8,4.5,1.6,4.8,4.5,1.57,5,4.58,1.62,5.25,4.75,1.6,4.89,4.55,1.56,5.4,4.8,1.62,1.4,2.88,1.45,2.86,1.4,2.9,1.38,2.83,1.43,3.2,1,1.93,1.88,1.91,2,1.93,1.91,1.85,1.84,2,1.98
N1,17/08/2025,15:45,Volendam,AZ Alkmaar,2,2,D,1,1,D,8,19,3,3,10,10,3,4,1,3,0,0,5,4.5,1.57,5,4.33,1.53,5.1,4.8,1.5,5,4.4,1.55,4.6,4.5,1.63,4.6,4.5,1.61,4.5,4.4,1.61,5.08,4.52,1.57,5.1,4.8,1.63,4.87,4.51,1.56,5.7,4.7,1.59,1.44,2.7,1.44,2.76,1.45,2.75,1.43,2.65,1.51,2.88,1,1.9,1.9,1.93,1.93,1.9,1.93,1.86,1.84,,,6,5,1.44,7,5,1.36,7,5.5,1.34,7,5.25,1.4,6.5,5.25,1.42,7,5.25,1.4,6.5,5.25,1.4,6.93,5.23,1.42,7,5.6,1.44,6.62,5.24,1.39,7,5.3,1.49,1.36,3.1,1.41,3.02,1.36,3.1,1.35,3.01,1.42,3.25,1.25,1.95,1.85,2.05,1.86,2,1.85,1.96,1.72,2.02,1.92
N1,17/08/2025,19:00,NAC Breda,For Sittard,2,1,H,1,0,H,14,10,6,4,8,15,4,5,2,3,0,0,2.3,3.25,3.2,2.25,3.2,3.1,2.16,3.4,3.2,2.3,3.3,3,2.3,3.4,3.1,2.3,3.4,3.1,2.25,3.4,3,2.34,3.34,3.11,2.3,3.4,3.2,2.24,3.32,3.11,2.34,3.3,3.3,1.98,1.83,1.98,1.85,1.98,1.83,1.93,1.79,2.04,1.82,-0.25,1.98,1.83,2.02,1.85,1.98,1.86,1.84,1.82,,,2.38,3.25,3.1,2.3,3.2,3,2.23,3.4,3.1,2.38,3.4,3,2.3,3.3,3.1,2.3,3.3,3.1,2.3,3.3,3.1,2.33,3.31,3.32,2.38,3.4,3.1,2.3,3.31,3.07,2.4,3.4,3.4,1.98,1.83,2.11,1.79,2,1.83,1.94,1.79,2.06,1.9,-0.25,2,1.8,2,1.91,2,1.82,1.88,1.79,2.04,1.93
N1,23/08/2025,15:30,Go Ahead Eagles,Sparta Rotterdam,0,3,A,0,1,A,19,13,6,5,6,8,12,1,0,2,0,0,2.05,3.8,3.3,2.05,3.75,3.3,1.98,3.75,3.35,2,3.75,3.3,2.05,3.7,3.3,2.05,3.7,3.3,2.05,3.7,3.3,2.02,3.8,3.4,2.05,3.8,3.4,2.02,3.72,3.31,2.08,3.95,3.6,1.57,2.35,1.6,2.38,1.61,2.38,1.58,2.28,1.6,2.48,-0.5,2,1.8,2.04,1.84,2.02,1.83,1.97,1.77,2.08,1.88,2.05,3.9,3.2,2,3.75,3.5,1.88,3.8,3.6,2,3.9,3.4,2.05,3.75,3.3,1.95,3.8,3.5,1.95,3.8,3.5,1.9,3.9,3.94,2.05,3.9,3.65,1.96,3.79,3.47,2.06,3.95,3.7,1.53,2.4,1.55,2.55,1.53,2.5,1.51,2.43,1.59,2.62,-0.5,2.05,1.75,1.92,1.99,2.05,1.91,1.92,1.82,2.06,1.91
N1,23/08/2025,17:45,PSV Eindhoven,Groningen,4,2,H,1,1,D,23,17,7,6,11,11,6,4,0,2,0,0,1.18,8,12,1.17,7.5,15,1.13,8.5,15,1.14,8,15,1.18,8,14,1.18,8,13,1.18,8,13,1.16,8.36,12.45,1.18,8.5,16.5,1.16,7.84,13.97,1.19,8.8,16,1.3,3.5,1.31,3.46,1.3,3.5,1.29,3.35,1.33,3.65,-2.25,1.98,1.83,2.01,1.85,1.98,1.86,1.85,1.82,2,1.86,1.2,7,12,1.18,7,15,1.16,8,12.5,1.18,7.5,15,1.2,7.25,13.5,1.2,7.5,13,1.18,7.5,13,1.19,8.3,12.67,1.2,8,15,1.18,7.4,12.97,1.19,8.6,19.5,1.4,2.88,1.34,3.32,1.4,3.35,1.35,3.04,1.4,3.35,-2,1.88,1.93,1.88,2,1.9,2,1.82,1.92,1.88,2.05
N1,23/08/2025,20:00,Telstar,Volendam,2,2,D,2,0,H,18,10,9,6,10,11,4,6,3,0,0,0,2.35,3.8,2.8,2.38,3.6,2.8,2.2,3.8,2.8,2.3,3.6,2.8,2.3,3.7,2.85,2.3,3.7,2.87,2.25,3.7,2.8,2.33,3.78,2.8,2.38,3.8,2.87,2.28,3.69,2.8,2.4,3.8,2.9,1.6,2.3,1.6,2.37,1.64,2.35,1.59,2.25,1.64,2.42,-0.25,2.03,1.78,2.06,1.82,2.03,1.79,1.9,1.77,2.11,1.84,2.1,3.8,3.1,2.1,3.75,3.2,2.14,3.85,2.9,2.15,3.7,3.13,2.15,3.75,3,2.15,3.75,3,2.15,3.75,3,2.2,3.86,3.14,2.33,3.85,3.2,2.15,3.72,3,2.22,3.9,3.4,1.57,2.35,1.61,2.41,1.57,2.38,1.56,2.31,1.62,2.52,-0.25,1.83,1.98,1.93,1.97,2,1.98,1.83,1.89,1.93,2.06
N1,24/08/2025,11:15,Heerenveen,Twente,1,2,A,0,1,A,18,9,3,5,10,19,7,4,3,3,1,0,2.75,3.75,2.3,2.88,3.6,2.3,2.75,3.85,2.2,2.8,3.6,2.3,2.8,3.7,2.35,2.8,3.7,2.3,2.8,3.6,2.3,2.87,3.77,2.29,2.88,3.9,2.35,2.78,3.7,2.28,2.96,3.75,2.48,1.62,2.25,1.65,2.26,1.62,2.35,1.59,2.25,1.76,2.28,0.25,1.78,2.03,1.84,2.02,1.8,2.03,1.76,1.86,,,2.63,3.5,2.5,2.63,3.4,2.63,2.63,3.55,2.45,2.7,3.5,2.55,2.6,3.5,2.6,2.6,3.5,2.6,2.6,3.5,2.6,2.88,3.64,2.43,2.85,3.7,2.63,2.63,3.5,2.52,2.8,3.6,2.72,1.85,1.95,1.79,2.11,1.85,2.06,1.78,1.96,1.92,2.06,0,1.93,1.88,2.12,1.79,2.08,1.91,1.92,1.81,2.02,1.96
N1,24/08/2025,13:30,Nijmegen,NAC Breda,3,0,H,1,0,H,18,7,10,2,16,18,3,1,2,4,0,0,1.55,4.2,5.75,1.53,4.2,6,1.47,4.6,5.75,1.53,4.2,5.5,1.55,4.33,5.5,1.55,4.33,5.5,1.55,4.33,5.5,1.56,4.23,5.63,1.55,4.7,6,1.52,4.32,5.61,1.58,4.3,6,1.67,2.15,1.69,2.19,1.67,2.2,1.65,2.14,1.69,2.26,-1,1.9,1.9,1.96,1.89,1.91,1.93,1.81,1.88,,,1.57,4.33,5.25,1.57,4.33,5.5,1.57,4.35,5,1.57,4.4,5.25,1.61,4.33,5,1.61,4.33,5,1.6,4.2,4.8,1.67,4.25,4.97,1.66,4.4,5.5,1.59,4.29,5.05,1.64,4.6,5.6,1.5,2.5,1.61,2.41,1.59,2.5,1.53,2.39,1.57,2.66,-1,1.95,1.85,2.15,1.78,2.05,1.85,1.93,1.81,2.01,1.93
N1,24/08/2025,13:30,Utrecht,Excelsior,4,1,H,2,0,H,16,12,10,4,6,15,7,5,0,0,0,0,1.42,5.25,6.25,1.4,5,7.5,1.32,5.6,7.5,1.36,5,7,1.42,5.25,6.5,1.4,5.25,6.5,1.4,5,6.5,1.4,5.12,6.73,1.42,5.6,7.5,1.37,5.2,6.87,1.45,5.4,7.4,1.4,2.88,1.43,2.83,1.42,3,1.39,2.8,1.46,3,-1.5,2.05,1.75,2.07,1.79,2.05,1.86,1.97,1.77,,,1.44,4.75,6.25,1.44,4.6,7,1.4,5,6.4,1.4,5,7.5,1.44,4.75,6.5,1.44,4.8,6.5,1.44,4.8,6,1.41,5.16,7.38,1.44,5,7.5,1.42,4.86,6.61,1.49,5,7.4,1.5,2.5,1.5,2.67,1.53,2.6,1.49,2.49,1.57,2.68,-1.25,1.9,1.9,1.87,2.04,1.9,1.96,1.83,1.89,1.99,1.97
N1,24/08/2025,15:45,Ajax,Heracles,2,0,H,1,0,H,27,4,10,0,10,15,10,1,0,2,0,0,1.18,6.5,15,1.18,7.5,13,1.13,8.5,16,1.15,7.5,15,1.18,7.5,14.5,1.18,7.5,15,1.18,7.5,15,1.18,7.18,13.72,1.18,8.5,16,1.16,7.54,14.34,1.19,8.4,17.5,1.36,3.1,1.36,3.07,1.36,3.3,1.33,3.14,1.38,3.3,-2,1.8,2,1.82,2.03,1.8,2.1,1.7,2.01,,,1.19,6.5,12,1.2,7,13,1.18,7,13,1.18,7.5,15,1.22,7,12.5,1.22,7,12,1.22,7,12,1.22,6.91,13.12,1.22,7.5,15,1.2,6.9,12.44,1.22,8,16,1.33,3.4,1.38,3.1,1.36,3.4,1.34,3.06,1.37,3.65,-2,1.93,1.88,2,1.89,1.95,1.92,1.88,1.86,2.02,1.95
N1,29/08/2025,19:00,Groningen,Heracles,4,0,H,3,0,H,17,8,5,0,13,12,6,3,2,1,0,0,1.62,3.9,5.25,1.62,4,5.5,1.57,4.1,5.4,1.6,3.9,5.25,1.62,4,5.25,1.61,4,5.25,1.61,4,5.25,1.65,4.07,5.44,1.62,4.1,5.5,1.6,3.99,5.29,1.66,4.2,6,1.8,2,1.84,2.06,1.81,2,1.78,1.96,1.86,2.12,-1,2.05,1.75,2.13,1.79,2.05,1.81,2,1.75,2.12,1.82,1.62,3.9,5,1.62,4,5.5,1.56,4.1,5.5,1.65,4,5.25,1.66,3.9,5,1.65,3.9,5,1.65,3.9,5,1.61,4.16,5.74,1.66,4.1,5.75,1.61,3.98,5.27,1.7,4.1,5.8,1.75,2.05,1.8,2.09,1.8,2.05,1.76,1.99,1.86,2.14,-1,2.08,1.73,2.05,1.86,2.08,1.83,2,1.75,2.18,1.81
N1,30/08/2025,15:30,Volendam,Ajax,1,1,D,1,0,H,11,13,4,4,12,15,2,7,2,3,0,0,7,5.5,1.36,8.5,5.5,1.33,7.5,5.6,1.32,7.5,5.25,1.33,7.75,5.25,1.36,7.5,5.25,1.36,7.5,5.25,1.35,7.43,5.63,1.34,8.5,5.75,1.36,7.53,5.39,1.34,8.8,5.9,1.38,1.4,2.88,1.4,3,1.44,2.9,1.4,2.79,1.44,3,1.5,1.85,1.95,1.93,1.94,1.9,1.95,1.85,1.89,1.92,1.95,8.5,5.75,1.3,9.5,6,1.29,8,5.8,1.29,9.5,6,1.29,8.5,5.5,1.32,8.5,5.5,1.33,8.5,5.5,1.33,9.09,6.22,1.29,10,6,1.33,8.64,5.82,1.29,11,6.8,1.31,1.36,3.1,1.38,3.13,1.4,3.1,1.38,2.9,1.39,3.45,1.5,2.03,1.78,2.08,1.81,2.03,1.87,1.96,1.79,2.13,1.82
N1,30/08/2025,17:45,Heerenveen,Go Ahead Eagles,2,2,D,1,1,D,19,11,5,5,9,12,3,7,3,1,0,0,2.25,3.7,2.9,2.25,3.6,3,2.28,3.75,2.75,2.2,3.7,2.9,2.3,3.6,2.87,2.3,3.6,2.87,2.3,3.6,2.87,2.24,3.77,2.96,2.3,3.75,3,2.26,3.65,2.86,2.28,3.75,3.1,1.6,2.3,1.6,2.36,1.62,2.32,1.58,2.26,1.64,2.36,-0.25,1.95,1.85,1.98,1.89,2,1.85,1.91,1.8,2,1.93,2.05,4,3.1,2.05,3.75,3.25,2.06,3.95,3.1,2.05,4,3.2,2.05,3.8,3.2,2.05,3.8,3.2,2.05,3.8,3.2,2.15,3.85,3.23,2.1,4,3.25,2.06,3.85,3.16,2.14,4,3.45,1.48,2.6,1.61,2.4,1.53,2.63,1.48,2.51,1.54,2.78,-0.25,1.8,2,1.89,2.01,1.87,2,1.77,1.96,1.85,2.1
N1,30/08/2025,19:00,PSV Eindhoven,Telstar,0,2,A,0,1,A,23,9,5,4,10,11,10,3,1,1,0,0,1.08,12,19,1.08,11,23,1.06,11.5,23,1.07,11,22,1.09,13,20,1.09,13,19,1.09,13,19,1.08,12.65,17.91,1.09,13,23,1.08,11.44,21.19,1.11,12.5,26,1.18,4.5,1.16,4.9,1.2,4.6,1.18,4.42,1.19,5,-3,2.05,1.75,2.08,1.75,2.05,1.82,1.99,1.76,2.09,1.78,1.1,10,17,1.1,10,21,1.08,11,20,1.08,12,23,1.11,11.5,19,1.09,12,21,1.09,12,19,1.09,13.16,19.35,1.11,12,23,1.09,10.78,19.72,1.11,14,29,1.2,4.33,1.17,4.87,1.2,5,1.18,4.5,1.21,5.5,-2.75,1.98,1.83,1.92,1.93,1.98,2.02,1.87,1.86,1.98,1.91
N1,30/08/2025,20:00,Excelsior,Twente,1,0,H,0,0,D,8,27,3,8,13,11,1,4,2,2,1,0,3.8,4,1.83,4,3.75,1.83,3.9,3.9,1.79,3.8,3.9,1.83,3.8,3.8,1.88,3.8,3.8,1.85,3.8,3.75,1.85,4.02,3.98,1.81,4,4,1.88,3.83,3.86,1.82,4.3,4,1.88,1.57,2.35,1.58,2.39,1.58,2.38,1.56,2.31,1.63,2.42,0.5,1.98,1.83,2.04,1.81,2,1.83,1.95,1.79,2.09,1.9,3.5,3.75,1.95,3.75,3.6,1.95,3.95,3.85,1.79,3.7,3.75,1.95,3.7,3.75,1.93,3.7,3.75,1.91,3.7,3.7,1.91,4.02,3.97,1.87,4,3.9,2,3.75,3.73,1.89,4,3.8,2.02,1.67,2.1,1.64,2.35,1.7,2.25,1.64,2.15,1.78,2.22,0.5,1.85,1.95,2.03,1.88,2,1.95,1.89,1.85,1.96,2.02
N1,31/08/2025,11:15,For Sittard,Nijmegen,3,2,H,2,1,H,10,14,5,5,16,8,3,4,4,1,0,0,3,3.75,2.2,3.2,3.6,2.15,3.15,3.65,2.08,3.1,3.6,2.15,3.1,3.7,2.15,3.1,3.7,2.15,3.1,3.7,2.15,3.08,3.73,2.18,3.2,3.75,2.2,3.08,3.65,2.14,3.25,3.85,2.24,1.67,2.15,1.68,2.2,1.67,2.2,1.66,2.13,1.23,2.18,0.25,1.9,1.9,1.93,1.92,1.94,1.9,1.9,1.78,2.01,1.95,2.9,3.9,2.2,3,3.6,2.25,3,3.65,2.16,3,3.8,2.2,2.9,3.7,2.25,2.9,3.7,2.25,2.9,3.6,2.25,3.09,3.69,2.27,3,3.9,2.25,2.96,3.67,2.21,3.15,3.85,2.34,1.57,2.35,1.71,2.23,1.62,2.35,1.59,2.24,1.64,2.5,0.25,1.9,1.9,1.92,1.99,1.9,1.93,1.86,1.82,1.94,2.03
N1,31/08/2025,13:30,Sparta Rotterdam,Feyenoord,0,4,A,0,1,A,7,24,2,11,5,9,1,9,1,2,1,0,3.8,4,1.83,3.75,4,1.83,3.55,3.95,1.87,3.7,3.9,1.83,3.6,4.2,1.83,3.6,4.2,1.83,3.6,4.2,1.83,3.8,3.95,1.86,3.8,4.2,1.88,3.66,3.97,1.84,4,4.1,1.91,1.5,2.5,1.54,2.49,1.57,2.5,1.52,2.42,1.54,2.58,0.5,1.95,1.85,1.98,1.87,1.95,1.89,1.91,1.83,2.05,1.91,3.6,3.9,1.91,3.6,3.75,1.95,3.8,3.9,1.82,3.75,3.9,1.9,3.7,3.8,1.9,3.7,3.8,1.91,3.7,3.8,1.91,3.93,3.9,1.91,3.8,3.9,1.95,3.69,3.81,1.89,3.9,4,1.99,1.6,2.3,1.65,2.34,1.62,2.38,1.58,2.28,1.64,2.5,0.5,1.93,1.88,1.99,1.92,1.96,1.92,1.89,1.84,2,1.98
N1,31/08/2025,13:30,Zwolle,Utrecht,0,2,A,0,2,A,6,14,2,7,13,10,3,2,2,1,0,0,3.1,3.6,2.2,3.1,3.5,2.25,3,3.65,2.17,3,3.5,2.2,3,3.7,2.15,3.1,3.7,2.15,3,3.7,2.15,3.06,3.63,2.23,3.1,3.7,2.25,3.03,3.58,2.18,3.4,3.55,2.26,1.7,2.1,1.7,2.17,1.73,2.2,1.68,2.09,1.61,2.16,0.25,1.85,1.95,1.9,1.95,1.9,1.95,1.86,1.82,1.99,1.95,3.4,3.5,2.1,3.4,3.4,2.15,3.25,3.4,2.12,3.4,3.6,2.1,3.25,3.5,2.15,3.25,3.5,2.15,3.2,3.5,2.15,3.33,3.45,2.26,3.45,3.6,2.15,3.32,3.45,2.12,3.7,3.55,2.16,1.8,2,1.85,2.05,1.8,2.04,1.76,1.98,1.89,2.08,0.25,1.98,1.83,1.95,1.95,2,1.85,1.94,1.74,2.1,1.87
N1,31/08/2025,15:45,NAC Breda,AZ Alkmaar,0,1,A,0,0,D,11,25,6,8,8,13,1,7,0,5,1,0,5,4.5,1.57,5.5,4.33,1.57,5.4,4.5,1.5,5.25,4.33,1.55,5.25,4.2,1.58,5.25,4.2,1.57,5.25,4.2,1.57,5.19,4.45,1.56,5.5,4.6,1.58,5.22,4.34,1.55,6.2,4.4,1.59,1.57,2.35,1.58,2.4,1.57,2.38,1.56,2.32,1.01,1.25,1,1.85,1.95,1.9,1.95,1.95,1.95,1.86,1.87,,,4.2,4,1.73,4.6,3.75,1.73,4.8,4,1.63,4.75,4,1.7,4.4,3.9,1.73,4.6,4,1.7,4.6,3.9,1.67,4.78,4.3,1.68,4.9,4,1.73,4.56,3.93,1.69,5,4,1.77,1.75,2.05,1.65,2.34,1.75,2.2,1.67,2.12,1.78,2.22,0.75,1.85,1.95,2.05,1.87,1.98,1.95,1.87,1.85,1.99,1.98
N1,13/09/2025,15:30,Ajax,Zwolle,3,1,H,2,0,H,12,8,7,3,18,9,7,1,2,1,0,0,1.25,6,11,1.29,6,10,1.25,6.1,9.5,1.25,6,10,1.28,6,9.75,1.28,6,9.5,1.28,6,9.5,1.26,6.14,9.3,1.29,6.25,11,1.26,5.95,9.62,1.28,6.6,11.5,1.48,2.6,1.44,2.77,1.49,2.75,1.45,2.61,1.48,2.8,-1.75,1.98,1.83,1.97,1.88,1.98,1.89,1.92,1.83,1.99,1.89,1.3,5.75,9,1.29,5.5,10,1.27,6,8.5,1.3,5.75,9.5,1.31,5.75,8.75,1.3,5.75,8.5,1.3,5.5,8.5,1.32,5.93,8.72,1.31,6.1,10,1.29,5.72,8.85,1.33,6.2,10.5,1.44,2.7,1.47,2.76,1.48,2.75,1.44,2.64,1.49,2.98,-1.5,1.83,1.98,1.93,1.97,1.85,1.98,1.8,1.94,1.9,2.07
N1,13/09/2025,17:45,Go Ahead Eagles,Volendam,3,0,H,3,0,H,19,19,13,1,12,9,7,7,1,1,0,0,1.53,4.5,5.5,1.53,4.6,5.5,1.5,4.7,5.3,1.5,4.5,5.5,1.53,4.6,5.25,1.53,4.6,5.25,1.53,4.6,5.25,1.53,4.72,5.26,1.6,4.75,5.5,1.52,4.53,5.25,1.57,4.9,5.9,1.44,2.7,1.44,2.82,1.45,2.75,1.42,2.69,1.47,2.92,-1,1.8,2,1.85,2.03,2.12,2,1.83,1.93,1.86,2.04,1.5,4.75,5.5,1.5,5,5.5,1.47,4.9,5.4,1.5,5,5.75,1.51,4.8,5.25,1.5,4.8,5.25,1.5,4.8,5.25,1.53,5.02,5.36,1.6,5,5.75,1.5,4.78,5.32,1.57,5,6,1.33,3.4,1.36,3.29,1.41,3.4,1.34,3.08,1.38,3.5,-1.25,1.98,1.83,2.05,1.87,2,1.83,1.96,1.79,2.07,1.87
N1,13/09/2025,17:45,Nijmegen,PSV Eindhoven,3,5,A,1,3,A,20,18,7,11,8,18,8,4,2,4,0,0,5,4.33,1.62,5,4.5,1.6,5,4.35,1.56,4.5,4.5,1.6,4.5,4.5,1.63,4.5,4.5,1.65,4.4,4.4,1.61,4.81,4.26,1.63,5,4.5,1.65,4.75,4.36,1.59,5.2,4.6,1.65,1.33,3.4,1.33,3.34,1.41,3.4,1.32,3.17,1.35,3.4,1,1.83,1.98,1.85,2.03,1.91,1.98,1.84,1.91,1.91,1.99,5,4.33,1.6,4.6,4.6,1.6,4.6,4.3,1.62,4.6,4.8,1.6,4.6,4.5,1.62,4.5,4.6,1.61,4.5,4.5,1.61,4.83,4.31,1.67,5,4.8,1.62,4.65,4.44,1.6,5.4,4.6,1.65,1.29,3.6,1.34,3.37,1.41,3.6,1.3,3.31,1.33,3.9,1,1.85,1.95,1.84,2.08,1.86,1.98,1.82,1.93,1.97,1.98
N1,13/09/2025,20:00,Feyenoord,Heerenveen,1,0,H,1,0,H,10,11,5,1,10,11,6,3,2,2,1,1,1.38,5,7.5,1.36,5,8,1.34,5.25,7.5,1.36,5,7.5,1.38,5,7.75,1.36,5,7.5,1.36,5,7.5,1.39,5.13,7.09,1.39,5.3,9,1.36,5.01,7.56,1.41,5.6,8,1.57,2.35,1.57,2.42,1.57,2.55,1.52,2.41,1.6,2.48,-1.5,2.05,1.75,2.09,1.77,2.05,1.84,1.99,1.77,2.1,1.79,1.33,5.5,8,1.33,5.5,8.5,1.32,5.4,7.5,1.3,6,9,1.33,5.75,8,1.35,5.5,7.5,1.35,5.5,7.5,1.36,5.63,7.78,1.35,6,9,1.32,5.56,7.99,1.37,5.8,9.6,1.36,3.1,1.45,2.84,1.44,3.1,1.38,2.89,1.42,3.2,-1.5,1.83,1.98,2,1.91,1.9,1.98,1.84,1.92,1.96,2
N1,13/09/2025,20:00,Twente,NAC Breda,2,2,D,0,1,A,15,11,6,5,15,17,4,3,2,1,0,0,1.45,4.5,6.5,1.44,4.33,7,1.42,4.7,6.75,1.44,4.4,7,1.49,4.5,6.25,1.48,4.5,6.5,1.48,4.4,6,1.47,4.55,6.34,1.49,4.7,7,1.45,4.47,6.48,1.51,4.7,7.2,1.7,2.1,1.72,2.14,1.7,2.28,1.65,2.14,1.73,2.2,-1.25,2,1.8,2.08,1.81,2.01,1.85,1.95,1.8,2,1.77,1.5,4.5,6,1.5,4.5,6.5,1.52,4.3,5.6,1.5,4.5,6,1.49,4.5,6.25,1.5,4.33,6,1.5,4.33,6,1.6,4.35,5.55,1.52,4.5,7,1.49,4.41,6.04,1.54,4.6,7,1.6,2.3,1.75,2.16,1.68,2.3,1.62,2.19,1.71,2.36,-1,1.78,2.03,2,1.91,1.87,2.16,1.78,1.98,1.86,2.08
N1,14/09/2025,11:15,Excelsior,Sparta Rotterdam,0,1,A,0,0,D,17,19,4,7,11,8,7,2,4,1,1,0,3.2,3.6,2.15,3.1,3.5,2.25,3.25,3.75,2.02,3.1,3.6,2.15,3.2,3.6,2.1,3.2,3.6,2.1,3.2,3.6,2.1,3.11,3.67,2.19,3.25,3.8,2.25,3.11,3.59,2.13,3.35,3.7,2.26,1.67,2.15,1.69,2.19,1.68,2.2,1.67,2.12,1.72,2.24,0.25,1.9,1.9,1.93,1.92,2.02,1.98,1.91,1.82,1.99,1.95,2.55,3.7,2.6,2.6,3.6,2.5,2.4,3.7,2.7,2.5,3.8,2.6,2.5,3.7,2.55,2.45,3.7,2.62,2.45,3.6,2.62,2.58,3.71,2.66,2.6,3.8,2.7,2.47,3.67,2.61,2.6,3.6,2.88,1.5,2.5,1.54,2.58,1.58,2.5,1.54,2.38,1.64,2.56,0,1.88,1.93,1.92,1.99,2.1,2,1.91,1.84,1.89,2.08
N1,14/09/2025,13:30,Heracles,AZ Alkmaar,1,2,A,1,1,D,19,25,6,8,11,11,6,9,1,5,0,0,6,4.5,1.5,6,4.33,1.53,5.75,4.5,1.49,6,4.4,1.5,5.75,4.4,1.53,5.75,4.4,1.53,5.5,4.33,1.53,5.9,4.59,1.5,6,4.5,1.53,5.74,4.36,1.51,6.6,4.6,1.51,1.57,2.35,1.58,2.4,1.64,2.35,1.59,2.26,1.6,2.44,1,2.03,1.78,2.06,1.79,2.03,2,1.95,1.81,2.06,1.82,5,4.33,1.6,5,4.33,1.6,5.4,4.5,1.5,5.25,4.4,1.57,5.25,4.4,1.58,5.25,4.4,1.57,5,4.33,1.57,5.59,4.56,1.56,5.4,4.5,1.62,5.09,4.35,1.57,5.8,4.5,1.63,1.53,2.4,1.57,2.5,1.54,2.63,1.51,2.46,1.57,2.68,1,1.8,2,1.99,1.92,1.96,2,1.85,1.9,1.93,2.01
N1,14/09/2025,13:30,Utrecht,Groningen,0,1,A,0,0,D,14,13,3,6,9,16,3,4,0,4,0,0,1.75,4,4.33,1.8,3.75,4.33,1.73,3.9,4.25,1.73,3.8,4.33,1.78,4,4,1.73,3.7,3.75,1.73,3.7,3.75,1.78,3.88,4.26,1.8,4,4.4,1.75,3.8,4.16,1.81,3.95,4.5,1.67,2.15,1.7,2.18,1.7,2.25,1.66,2.13,1.73,2.24,-0.75,1.98,1.83,2.02,1.85,1.98,1.88,1.93,1.82,2.04,1.89,1.7,3.7,5.25,1.73,3.75,4.6,1.7,3.75,4.75,1.7,3.75,5.25,1.71,3.75,4.8,1.7,3.5,4.2,1.7,3.5,4.2,1.75,3.82,4.97,1.73,3.75,5.25,1.7,3.69,4.78,1.78,3.8,5.5,2,1.8,1.96,1.93,2,2.25,1.88,1.86,2.02,1.93,-0.75,1.85,1.95,1.97,1.93,1.92,1.95,1.87,1.88,2.02,1.96
N1,14/09/2025,15:45,Telstar,For Sittard,1,3,A,1,1,D,18,9,7,6,14,17,10,1,1,0,0,0,2.35,3.6,2.88,2.38,3.5,2.88,2.3,3.6,2.85,2.38,3.5,2.75,2.3,3.6,2.85,2.3,3.6,2.87,2.3,3.6,2.8,2.49,3.33,2.88,2.38,3.6,2.88,2.34,3.51,2.81,2.52,3.4,2.94,1.67,2.15,1.7,2.18,1.7,2.2,1.66,2.12,1.61,2.18,-0.25,2.03,1.78,2.14,1.74,2.06,1.8,2.02,1.75,2.16,1.78,2.05,3.6,3.5,2.15,3.5,3.3,2.1,3.45,3.25,2.05,3.6,3.5,2.1,3.5,3.4,2.1,3.5,3.4,2.1,3.4,3.4,2.25,3.48,3.31,2.3,3.6,3.5,2.1,3.47,3.34,2.12,3.55,3.9,1.8,2,1.76,2.15,1.8,2.08,1.74,2.01,1.86,2.14,-0.25,1.73,2.08,1.95,1.95,2.06,2.08,1.81,1.95,1.83,2.16
N1,17/09/2025,19:00,Feyenoord,For Sittard,2,0,H,1,0,H,19,5,5,0,11,9,13,0,0,1,0,0,1.29,5.5,10,1.29,5.5,10,1.27,5.75,9,1.25,6,10,1.29,6,9.25,1.3,5.75,9,1.28,5.75,9,1.31,5.18,10.05,1.3,6,10,1.28,5.7,9.23,1.3,6.8,10.5,1.48,2.6,1.5,2.62,1.5,2.65,1.45,2.6,1.5,2.8,-1.75,2,1.8,2.03,1.83,2.02,1.8,1.98,1.76,2.03,1.85,1.27,5.5,10,1.25,6,11,1.23,6.1,10.5,1.25,6.5,11,1.28,6,10,1.28,6,10,1.28,5.75,10,1.29,5.47,11.47,1.29,6.5,11,1.26,5.95,10.1,1.29,6.4,12.5,1.44,2.7,1.48,2.69,1.48,2.85,1.42,2.7,1.5,2.96,-1.75,1.95,1.85,1.98,1.91,1.98,1.96,1.89,1.86,2,1.94
